ply
format ascii 1.0
comment Generated by the CGAL library
element vertex 2250
property double x
property double y
property double z
element face 4428
property list uchar int vertex_indices
end_header
1.93977 0.750001 -0.0205712
1.93977 0.750001 1.50156
1.93785 0.730492 -0.0205712
1.93785 0.730492 1.50156
1.93216 0.711733 -0.0205712
1.93216 0.711733 1.50156
1.92291 0.694444 -0.0205712
1.92291 0.694444 1.50156
1.91047 0.679291 -0.0205712
1.91047 0.67929 1.50156
1.89531 0.666854 -0.0205712
1.89531 0.666854 1.50156
1.87801 0.657613 -0.0205712
1.87801 0.657613 1.50156
1.85924 0.651923 -0.0205712
1.85924 0.651923 1.50156
1.83972 0.650001 -0.0205712
1.83972 0.650001 1.50156
1.8202 0.651923 -0.0205712
1.8202 0.651923 1.50156
1.80144 0.657613 -0.0205712
1.80144 0.657613 1.50156
1.78414 0.666854 -0.0205712
1.78414 0.666854 1.50156
1.76898 0.679291 -0.0205712
1.76898 0.67929 1.50156
1.75654 0.694444 -0.0205712
1.75654 0.694444 1.50156
1.74729 0.711733 -0.0205712
1.74729 0.711733 1.50156
1.7416 0.730492 -0.0205712
1.7416 0.730492 1.50156
1.73967 0.750001 -0.0205712
1.73967 0.750001 1.50156
1.7416 0.76951 -0.0205712
1.7416 0.76951 1.50156
1.74729 0.78827 -0.0205712
1.74729 0.788269 1.50156
1.75654 0.805558 -0.0205712
1.75654 0.805558 1.50156
1.76898 0.820712 -0.0205712
1.76898 0.820712 1.50156
1.78414 0.833148 -0.0205712
1.78414 0.833148 1.50156
1.80144 0.842389 -0.0205712
1.80144 0.842389 1.50156
1.8202 0.84808 -0.0205712
1.8202 0.84808 1.50156
1.83972 0.850001 -0.0205712
1.83972 0.850001 1.50156
1.85924 0.84808 -0.0205712
1.85924 0.84808 1.50156
1.87801 0.842389 -0.0205712
1.87801 0.842389 1.50156
1.89531 0.833148 -0.0205712
1.89531 0.833148 1.50156
1.91047 0.820712 -0.0205712
1.91047 0.820712 1.50156
1.92291 0.805558 -0.0205712
1.92291 0.805558 1.50156
1.93216 0.78827 -0.0205712
1.93216 0.788269 1.50156
1.93785 0.76951 -0.0205712
1.93785 0.76951 1.50156
2.63167 0.750001 1.75355
1.98591 0.750001 1.75355
2.63167 0.730492 1.75163
1.98591 0.730492 1.75163
2.63167 0.711733 1.74595
1.98591 0.711733 1.74595
2.63167 0.694444 1.73672
1.98591 0.694444 1.73672
2.63167 0.67929 1.72431
1.98591 0.67929 1.72431
2.63167 0.666854 1.70918
1.98591 0.666854 1.70918
2.63167 0.657613 1.69192
1.98591 0.657613 1.69192
2.63167 0.651923 1.67319
1.98591 0.651923 1.67319
2.63167 0.650001 1.65371
1.98591 0.650001 1.65371
2.63167 0.651923 1.63423
1.98591 0.651923 1.63423
2.63167 0.657613 1.6155
1.98591 0.657613 1.6155
2.63167 0.666854 1.59824
1.98591 0.666854 1.59824
2.63167 0.67929 1.58311
1.98591 0.67929 1.58311
2.63167 0.694444 1.5707
1.98591 0.694444 1.5707
2.63167 0.711733 1.56147
1.98591 0.711733 1.56147
2.63167 0.730492 1.55579
1.98591 0.730492 1.55579
2.63167 0.750001 1.55387
1.98591 0.750001 1.55387
2.63167 0.76951 1.55579
1.98591 0.76951 1.55579
2.63167 0.788269 1.56147
1.98591 0.788269 1.56147
2.63167 0.805558 1.5707
1.98591 0.805558 1.5707
2.63167 0.820712 1.58311
1.98591 0.820712 1.58311
2.63167 0.833148 1.59824
1.98591 0.833148 1.59824
2.63167 0.842389 1.6155
1.98591 0.842389 1.6155
2.63167 0.84808 1.63423
1.98591 0.84808 1.63423
2.63167 0.850001 1.65371
1.98591 0.850001 1.65371
2.63167 0.84808 1.67319
1.98591 0.84808 1.67319
2.63167 0.842389 1.69192
1.98591 0.842389 1.69192
2.63167 0.833148 1.70918
1.98591 0.833148 1.70918
2.63167 0.820712 1.72431
1.98591 0.820712 1.72431
2.63167 0.805558 1.73672
1.98591 0.805558 1.73672
2.63167 0.788269 1.74595
1.98591 0.788269 1.74595
2.63167 0.76951 1.75163
1.98591 0.76951 1.75163
1.94061 0.750001 1.51976
1.94458 0.750001 1.53554
1.95313 0.750001 1.54746
1.96507 0.750001 1.55323
1.97668 0.750001 1.55427
1.93881 0.769207 1.52045
1.94308 0.768643 1.53671
1.95199 0.76834 1.54893
1.96432 0.768643 1.55493
1.97632 0.769207 1.55613
1.93349 0.787674 1.5225
1.93864 0.786569 1.54015
1.94864 0.785973 1.55329
1.96209 0.786569 1.55997
1.97525 0.787674 1.56164
1.92485 0.804694 1.52584
1.93144 0.803089 1.54574
1.9432 0.802225 1.56037
1.95848 0.803089 1.56815
1.97351 0.804694 1.57058
1.91322 0.819612 1.53032
1.92174 0.817569 1.55326
1.93587 0.816469 1.5699
1.95361 0.817569 1.57916
1.97117 0.819612 1.58262
1.89905 0.831855 1.53579
1.90992 0.829453 1.56243
1.92694 0.828159 1.5815
1.94769 0.829453 1.59258
1.96831 0.831855 1.59728
1.88289 0.840952 1.54202
1.89644 0.838283 1.57289
1.91675 0.836846 1.59475
1.94092 0.838283 1.60789
1.96506 0.840952 1.61401
1.86535 0.846554 1.54879
1.88181 0.843721 1.58423
1.9057 0.842195 1.60912
1.93358 0.84372 1.6245
1.96152 0.846554 1.63216
1.8471 0.848445 1.55582
1.86659 0.845557 1.59604
1.8942 0.844001 1.62407
1.92595 0.845557 1.64178
1.95785 0.848445 1.65104
1.82886 0.846554 1.56286
1.85138 0.843721 1.60784
1.88271 0.842195 1.63901
1.91832 0.84372 1.65905
1.95417 0.846554 1.66992
1.81132 0.840952 1.56963
1.83675 0.838283 1.61919
1.87166 0.836846 1.65339
1.91098 0.838283 1.67567
1.95064 0.840952 1.68807
1.79516 0.831855 1.57586
1.82327 0.829453 1.62965
1.86147 0.828159 1.66663
1.90422 0.829453 1.69098
1.94738 0.831855 1.7048
1.78099 0.819612 1.58133
1.81145 0.817569 1.63882
1.85254 0.816469 1.67824
1.89829 0.817569 1.7044
1.94453 0.819612 1.71946
1.76936 0.804694 1.58582
1.80175 0.803089 1.64635
1.84521 0.802225 1.68777
1.89342 0.803089 1.71541
1.94219 0.804694 1.73149
1.76072 0.787674 1.58915
1.79454 0.786569 1.65194
1.83977 0.785973 1.69485
1.88981 0.786569 1.72359
1.94045 0.787674 1.74044
1.7554 0.769207 1.5912
1.79011 0.768643 1.65538
1.83641 0.76834 1.69921
1.88758 0.768643 1.72863
1.93937 0.769207 1.74594
1.7536 0.750001 1.5919
1.78861 0.750001 1.65654
1.83528 0.750001 1.70068
1.88683 0.750001 1.73033
1.93901 0.750001 1.7478
1.7554 0.730796 1.5912
1.79011 0.731359 1.65538
1.83641 0.731663 1.69921
1.88758 0.731359 1.72863
1.93937 0.730796 1.74594
1.76072 0.712328 1.58915
1.79454 0.713434 1.65194
1.83977 0.714029 1.69485
1.88981 0.713434 1.72359
1.94045 0.712328 1.74044
1.76936 0.695308 1.58582
1.80175 0.696913 1.64635
1.84521 0.697777 1.68777
1.89342 0.696913 1.71541
1.94219 0.695308 1.73149
1.78099 0.68039 1.58133
1.81145 0.682433 1.63882
1.85254 0.683533 1.67824
1.89829 0.682433 1.7044
1.94453 0.68039 1.71946
1.79516 0.668148 1.57586
1.82327 0.67055 1.62965
1.86147 0.671843 1.66663
1.90422 0.67055 1.69098
1.94738 0.668148 1.7048
1.81132 0.65905 1.56963
1.83675 0.661719 1.61919
1.87166 0.663156 1.65339
1.91098 0.661719 1.67567
1.95064 0.65905 1.68807
1.82886 0.653448 1.56286
1.85138 0.656282 1.60784
1.88271 0.657807 1.63901
1.91832 0.656282 1.65905
1.95417 0.653448 1.66991
1.8471 0.651557 1.55582
1.86659 0.654446 1.59604
1.8942 0.656001 1.62407
1.92595 0.654446 1.64178
1.95785 0.651557 1.65104
1.86535 0.653448 1.54879
1.88181 0.656282 1.58423
1.9057 0.657807 1.60912
1.93358 0.656282 1.6245
1.96152 0.653448 1.63216
1.88289 0.65905 1.54202
1.89644 0.661719 1.57288
1.91675 0.663156 1.59475
1.94092 0.661719 1.60789
1.96506 0.65905 1.61401
1.89905 0.668148 1.53579
1.90992 0.67055 1.56243
1.92694 0.671843 1.5815
1.94769 0.67055 1.59258
1.96831 0.668148 1.59728
1.91322 0.68039 1.53032
1.92174 0.682433 1.55326
1.93587 0.683533 1.5699
1.95361 0.682433 1.57916
1.97117 0.68039 1.58262
1.92485 0.695308 1.52584
1.93144 0.696913 1.54574
1.9432 0.697777 1.56037
1.95848 0.696913 1.56815
1.97351 0.695308 1.57058
1.93349 0.712328 1.5225
1.93864 0.713434 1.54015
1.94864 0.714029 1.55329
1.96209 0.713434 1.55997
1.97525 0.712328 1.56164
1.97632 0.730796 1.55613
1.96432 0.731359 1.55493
1.95199 0.731663 1.54893
1.94308 0.731359 1.53671
1.93881 0.730796 1.52045
-1.78339 0.0578872 0.0452775
-1.78339 0.0578872 0.371277
-1.82941 0.0578872 0.0452775
-1.82941 0.0578872 0.371277
-1.78339 0.383887 0.0452775
-1.82941 0.383887 0.0452775
-1.82941 0.106787 0.371277
-1.82941 0.383887 0.0941774
-1.78339 0.383887 0.0941774
-1.78339 0.106787 0.371277
-2.5 1.56088 0.0430852
-2.5 1.56088 1.04309
-2.5 2.56088 0.0430852
-2.5 2.56088 1.04309
-1.5 1.56088 0.0430852
-1.5 1.56088 1.04309
-1.5 2.56088 0.0430852
-1.5 2.56088 1.04309
-3.21692 0.885 0.0463297
-3.21692 0.885 0.512572
-3.04207 1.46548 0.0463296
-3.04207 1.46548 0.512572
-2.47175 0.660556 0.0463297
-2.47175 0.660556 0.512572
-2.29691 1.24104 0.0463296
-2.29691 1.24104 0.512572
1.93977 -0.749999 -0.0205713
1.93977 -0.749999 1.50156
1.93785 -0.769508 -0.0205713
1.93785 -0.769508 1.50156
1.93216 -0.788267 -0.0205713
1.93216 -0.788267 1.50156
1.92291 -0.805556 -0.0205713
1.92291 -0.805556 1.50156
1.91047 -0.820709 -0.0205713
1.91047 -0.82071 1.50156
1.89531 -0.833146 -0.0205713
1.89531 -0.833146 1.50156
1.87801 -0.842387 -0.0205713
1.87801 -0.842387 1.50156
1.85924 -0.848077 -0.0205713
1.85924 -0.848077 1.50156
1.83972 -0.849999 -0.0205713
1.83972 -0.849999 1.50156
1.8202 -0.848077 -0.0205713
1.8202 -0.848077 1.50156
1.80144 -0.842387 -0.0205713
1.80144 -0.842387 1.50156
1.78414 -0.833146 -0.0205713
1.78414 -0.833146 1.50156
1.76898 -0.820709 -0.0205713
1.76898 -0.82071 1.50156
1.75654 -0.805556 -0.0205713
1.75654 -0.805556 1.50156
1.74729 -0.788267 -0.0205713
1.74729 -0.788267 1.50156
1.7416 -0.769508 -0.0205713
1.7416 -0.769508 1.50156
1.73967 -0.749999 -0.0205713
1.73967 -0.749999 1.50156
1.7416 -0.73049 -0.0205713
1.7416 -0.73049 1.50156
1.74729 -0.71173 -0.0205713
1.74729 -0.711731 1.50156
1.75654 -0.694442 -0.0205713
1.75654 -0.694442 1.50156
1.76898 -0.679288 -0.0205713
1.76898 -0.679288 1.50156
1.78414 -0.666852 -0.0205713
1.78414 -0.666852 1.50156
1.80144 -0.657611 -0.0205713
1.80144 -0.657611 1.50156
1.8202 -0.65192 -0.0205713
1.8202 -0.65192 1.50156
1.83972 -0.649999 -0.0205713
1.83972 -0.649999 1.50156
1.85924 -0.65192 -0.0205713
1.85924 -0.65192 1.50156
1.87801 -0.657611 -0.0205713
1.87801 -0.657611 1.50156
1.89531 -0.666852 -0.0205713
1.89531 -0.666852 1.50156
1.91047 -0.679288 -0.0205713
1.91047 -0.679288 1.50156
1.92291 -0.694442 -0.0205713
1.92291 -0.694442 1.50156
1.93216 -0.71173 -0.0205713
1.93216 -0.711731 1.50156
1.93785 -0.73049 -0.0205713
1.93785 -0.73049 1.50156
2.63167 -0.749999 1.75355
1.98591 -0.749999 1.75355
2.63167 -0.769508 1.75163
1.98591 -0.769508 1.75163
2.63167 -0.788267 1.74595
1.98591 -0.788267 1.74595
2.63167 -0.805556 1.73672
1.98591 -0.805556 1.73672
2.63167 -0.82071 1.72431
1.98591 -0.82071 1.72431
2.63167 -0.833146 1.70918
1.98591 -0.833146 1.70918
2.63167 -0.842387 1.69192
1.98591 -0.842387 1.69192
2.63167 -0.848077 1.67319
1.98591 -0.848077 1.67319
2.63167 -0.849999 1.65371
1.98591 -0.849999 1.65371
2.63167 -0.848077 1.63423
1.98591 -0.848077 1.63423
2.63167 -0.842387 1.6155
1.98591 -0.842387 1.6155
2.63167 -0.833146 1.59824
1.98591 -0.833146 1.59824
2.63167 -0.82071 1.58311
1.98591 -0.82071 1.58311
2.63167 -0.805556 1.5707
1.98591 -0.805556 1.57069
2.63167 -0.788267 1.56147
1.98591 -0.788267 1.56147
2.63167 -0.769508 1.55579
1.98591 -0.769508 1.55579
2.63167 -0.749999 1.55387
1.98591 -0.749999 1.55387
2.63167 -0.73049 1.55579
1.98591 -0.73049 1.55579
2.63167 -0.711731 1.56147
1.98591 -0.711731 1.56147
2.63167 -0.694442 1.5707
1.98591 -0.694442 1.5707
2.63167 -0.679288 1.58311
1.98591 -0.679288 1.58311
2.63167 -0.666852 1.59824
1.98591 -0.666852 1.59824
2.63167 -0.657611 1.6155
1.98591 -0.657611 1.6155
2.63167 -0.65192 1.63423
1.98591 -0.65192 1.63423
2.63167 -0.649999 1.65371
1.98591 -0.649999 1.65371
2.63167 -0.65192 1.67319
1.98591 -0.65192 1.67319
2.63167 -0.657611 1.69192
1.98591 -0.657611 1.69192
2.63167 -0.666852 1.70918
1.98591 -0.666852 1.70918
2.63167 -0.679288 1.72431
1.98591 -0.679288 1.72431
2.63167 -0.694442 1.73672
1.98591 -0.694442 1.73672
2.63167 -0.711731 1.74595
1.98591 -0.711731 1.74595
2.63167 -0.73049 1.75163
1.98591 -0.73049 1.75163
1.94061 -0.749999 1.51976
1.94458 -0.749999 1.53554
1.95313 -0.749999 1.54746
1.96507 -0.749999 1.55323
1.97668 -0.749999 1.55427
1.93881 -0.730793 1.52045
1.94308 -0.731357 1.53671
1.95199 -0.73166 1.54893
1.96432 -0.731357 1.55493
1.97632 -0.730793 1.55613
1.93349 -0.712326 1.5225
1.93864 -0.713431 1.54015
1.94864 -0.714027 1.55329
1.96209 -0.713431 1.55997
1.97525 -0.712326 1.56164
1.92485 -0.695306 1.52584
1.93144 -0.696911 1.54574
1.9432 -0.697775 1.56037
1.95848 -0.696911 1.56815
1.97351 -0.695306 1.57058
1.91322 -0.680388 1.53032
1.92174 -0.682431 1.55326
1.93587 -0.683531 1.5699
1.95361 -0.682431 1.57916
1.97117 -0.680388 1.58262
1.89905 -0.668145 1.53579
1.90992 -0.670547 1.56243
1.92694 -0.671841 1.5815
1.94769 -0.670547 1.59258
1.96831 -0.668145 1.59728
1.88289 -0.659048 1.54202
1.89644 -0.661717 1.57288
1.91675 -0.663154 1.59475
1.94092 -0.661717 1.60789
1.96506 -0.659048 1.61401
1.86535 -0.653446 1.54879
1.88181 -0.656279 1.58423
1.9057 -0.657805 1.60912
1.93358 -0.65628 1.6245
1.96152 -0.653446 1.63216
1.8471 -0.651555 1.55582
1.86659 -0.654443 1.59604
1.8942 -0.655999 1.62407
1.92595 -0.654443 1.64178
1.95785 -0.651555 1.65104
1.82886 -0.653446 1.56286
1.85138 -0.656279 1.60784
1.88271 -0.657805 1.63901
1.91832 -0.65628 1.65905
1.95417 -0.653446 1.66991
1.81132 -0.659048 1.56963
1.83675 -0.661717 1.61919
1.87166 -0.663154 1.65339
1.91098 -0.661717 1.67567
1.95064 -0.659048 1.68807
1.79516 -0.668145 1.57586
1.82327 -0.670547 1.62965
1.86147 -0.671841 1.66663
1.90422 -0.670547 1.69098
1.94738 -0.668145 1.7048
1.78099 -0.680388 1.58133
1.81145 -0.682431 1.63882
1.85254 -0.683531 1.67824
1.89829 -0.682431 1.7044
1.94453 -0.680388 1.71946
1.76936 -0.695306 1.58582
1.80175 -0.696911 1.64635
1.84521 -0.697775 1.68777
1.89342 -0.696911 1.71541
1.94219 -0.695306 1.73149
1.76072 -0.712326 1.58915
1.79454 -0.713431 1.65194
1.83977 -0.714027 1.69485
1.88981 -0.713431 1.72359
1.94045 -0.712326 1.74044
1.7554 -0.730793 1.5912
1.79011 -0.731357 1.65538
1.83641 -0.73166 1.69921
1.88758 -0.731357 1.72863
1.93937 -0.730793 1.74594
1.7536 -0.749999 1.59189
1.78861 -0.749999 1.65654
1.83528 -0.749999 1.70068
1.88683 -0.749999 1.73033
1.93901 -0.749999 1.7478
1.7554 -0.769204 1.5912
1.79011 -0.768641 1.65538
1.83641 -0.768337 1.69921
1.88758 -0.768641 1.72863
1.93937 -0.769204 1.74594
1.76072 -0.787672 1.58915
1.79454 -0.786566 1.65194
1.83977 -0.785971 1.69485
1.88981 -0.786566 1.72359
1.94045 -0.787672 1.74044
1.76936 -0.804692 1.58582
1.80175 -0.803087 1.64634
1.84521 -0.802223 1.68777
1.89342 -0.803087 1.71541
1.94219 -0.804692 1.73149
1.78099 -0.81961 1.58133
1.81145 -0.817567 1.63882
1.85254 -0.816467 1.67824
1.89829 -0.817567 1.7044
1.94453 -0.81961 1.71946
1.79516 -0.831852 1.57586
1.82327 -0.82945 1.62965
1.86147 -0.828157 1.66663
1.90422 -0.82945 1.69098
1.94738 -0.831852 1.7048
1.81132 -0.84095 1.56963
1.83675 -0.838281 1.61919
1.87166 -0.836844 1.65339
1.91098 -0.838281 1.67567
1.95064 -0.84095 1.68807
1.82886 -0.846552 1.56286
1.85138 -0.843718 1.60784
1.88271 -0.842193 1.63901
1.91832 -0.843718 1.65905
1.95417 -0.846552 1.66991
1.8471 -0.848443 1.55582
1.86659 -0.845554 1.59604
1.8942 -0.843999 1.62407
1.92595 -0.845554 1.64178
1.95785 -0.848443 1.65104
1.86535 -0.846552 1.54879
1.88181 -0.843718 1.58423
1.9057 -0.842193 1.60912
1.93358 -0.843718 1.6245
1.96152 -0.846552 1.63216
1.88289 -0.84095 1.54202
1.89644 -0.838281 1.57288
1.91675 -0.836844 1.59475
1.94092 -0.838281 1.60789
1.96506 -0.84095 1.61401
1.89905 -0.831852 1.53579
1.90992 -0.82945 1.56243
1.92694 -0.828157 1.5815
1.94769 -0.82945 1.59258
1.96831 -0.831852 1.59728
1.91322 -0.81961 1.53032
1.92174 -0.817567 1.55326
1.93587 -0.816467 1.5699
1.95361 -0.817567 1.57916
1.97117 -0.81961 1.58261
1.92485 -0.804692 1.52584
1.93144 -0.803087 1.54574
1.9432 -0.802223 1.56037
1.95848 -0.803087 1.56815
1.97351 -0.804692 1.57058
1.93349 -0.787672 1.5225
1.93864 -0.786566 1.54015
1.94864 -0.785971 1.55329
1.96209 -0.786566 1.55997
1.97525 -0.787672 1.56164
1.97632 -0.769204 1.55613
1.96432 -0.768641 1.55493
1.95199 -0.768337 1.54893
1.94308 -0.768641 1.53671
1.93881 -0.769204 1.52045
3 3.05 0.0500002
3 3.05 -0.0499997
3 -2.95 0.0499997
3 -2.95 -0.0500002
-3 3.05 0.0500002
-3 3.05 -0.0499997
-3 -2.95 0.0499997
-3 -2.95 -0.0500002
-0.0103179 -1.95813 0.0452773
-0.0103179 -1.95813 0.371277
-0.0103179 -1.91211 0.0452773
-0.0103179 -1.91211 0.371277
0.315682 -1.95813 0.0452773
0.315682 -1.91211 0.0452773
0.0385821 -1.91211 0.371277
0.315682 -1.91211 0.0941772
0.315682 -1.95813 0.0941772
0.0385821 -1.95813 0.371277
0.318197 -2.26856 2.23108
0.307242 -2.26856 2.27197
0.27731 -2.26856 2.3019
0.236423 -2.26856 2.31286
0.195536 -2.26856 2.3019
0.165604 -2.26856 2.27197
0.154648 -2.26856 2.23108
0.165604 -2.26856 2.19019
0.195536 -2.26856 2.16026
0.236423 -2.26856 2.14931
0.27731 -2.26856 2.16026
0.307242 -2.26856 2.19019
0.314699 0.0572627 2.23108
0.303837 0.0558329 2.27197
0.274162 0.0519259 2.3019
0.233624 0.0465892 2.31286
0.193087 0.0412522 2.3019
0.163412 0.0373454 2.27197
0.15255 0.0359154 2.23108
0.163412 0.0373455 2.1902
0.193087 0.0412522 2.16026
0.233624 0.0465892 2.14931
0.274162 0.0519259 2.16026
0.303837 0.0558329 2.1902
0.304265 0.109718 2.23108
0.293683 0.106883 2.27197
0.264771 0.0991359 2.3019
0.225277 0.0885535 2.31286
0.185783 0.077971 2.3019
0.156872 0.0702241 2.27197
0.146289 0.0673886 2.23108
0.156872 0.0702241 2.1902
0.185783 0.077971 2.16026
0.225277 0.0885535 2.14931
0.264771 0.0991359 2.16026
0.293683 0.106883 2.1902
0.287074 0.160363 2.23108
0.276952 0.15617 2.27197
0.249299 0.144716 2.3019
0.211524 0.129069 2.31286
0.173749 0.113422 2.3019
0.146096 0.101968 2.27197
0.135974 0.0977755 2.23108
0.146096 0.101968 2.1902
0.173749 0.113422 2.16026
0.211524 0.129069 2.14931
0.249299 0.144716 2.16026
0.276952 0.15617 2.1902
0.263419 0.20833 2.23108
0.253931 0.202853 2.27197
0.228009 0.187887 2.3019
0.1926 0.167443 2.31286
0.157191 0.147 2.3019
0.131269 0.132034 2.27197
0.121781 0.126556 2.23108
0.131269 0.132034 2.1902
0.157191 0.147 2.16026
0.1926 0.167443 2.14931
0.228009 0.187887 2.16026
0.253931 0.202853 2.1902
0.233705 0.2528 2.23108
0.225013 0.246131 2.27197
0.201267 0.227909 2.3019
0.168829 0.203019 2.31286
0.136391 0.178128 2.3019
0.112645 0.159907 2.27197
0.103953 0.153238 2.23108
0.112645 0.159907 2.1902
0.136391 0.178128 2.16026
0.168829 0.203019 2.14931
0.201267 0.227909 2.16026
0.225013 0.246131 2.1902
0.198441 0.293011 2.23108
0.190695 0.285264 2.27197
0.16953 0.264099 2.3019
0.140618 0.235188 2.31286
0.111706 0.206276 2.3019
0.0905416 0.185111 2.27197
0.0827948 0.177364 2.23108
0.0905416 0.185111 2.1902
0.111706 0.206276 2.16026
0.140618 0.235188 2.14931
0.16953 0.264099 2.16026
0.190695 0.285264 2.1902
0.158231 0.328275 2.23108
0.151561 0.319583 2.27197
0.13334 0.295836 2.3019
0.10845 0.263398 2.31286
0.0835589 0.230961 2.3019
0.0653378 0.207214 2.27197
0.0586684 0.198522 2.23108
0.0653378 0.207214 2.1902
0.0835589 0.230961 2.16026
0.10845 0.263398 2.14931
0.13334 0.295837 2.16026
0.151561 0.319583 2.1902
0.113761 0.357988 2.23108
0.108283 0.3485 2.27197
0.0933175 0.322579 2.3019
0.0728738 0.287169 2.31286
0.0524302 0.25176 2.3019
0.0374645 0.225838 2.27197
0.0319866 0.216351 2.23108
0.0374645 0.225838 2.1902
0.0524302 0.25176 2.16026
0.0728738 0.28717 2.14931
0.0933175 0.322579 2.16026
0.108283 0.3485 2.1902
0.0657937 0.381643 2.23108
0.0616011 0.371521 2.27197
0.0501468 0.343868 2.3019
0.0344999 0.306093 2.31286
0.018853 0.268318 2.3019
0.00739874 0.240665 2.27197
0.00320615 0.230544 2.23108
0.00739874 0.240665 2.1902
0.018853 0.268318 2.16026
0.0344999 0.306094 2.14931
0.0501468 0.343868 2.16026
0.0616011 0.371521 2.1902
0.0151489 0.398835 2.23108
0.0123133 0.388253 2.27197
0.00456645 0.359341 2.3019
-0.00601594 0.319847 2.31286
-0.0165983 0.280353 2.3019
-0.0243452 0.251441 2.27197
-0.0271807 0.240859 2.23108
-0.0243452 0.251441 2.1902
-0.0165983 0.280353 2.16026
-0.00601594 0.319847 2.14931
0.00456645 0.359341 2.16026
0.0123133 0.388253 2.1902
-0.0373067 0.409269 2.23108
-0.0387366 0.398407 2.27197
-0.0426435 0.368731 2.3019
-0.0479804 0.328194 2.31286
-0.0533172 0.287657 2.3019
-0.057224 0.257981 2.27197
-0.0586541 0.247119 2.23108
-0.057224 0.257981 2.1902
-0.0533172 0.287657 2.16026
-0.0479804 0.328194 2.14931
-0.0426435 0.368731 2.16026
-0.0387366 0.398407 2.1902
-2.32874 0.412767 2.23108
-2.32874 0.401811 2.27197
-2.32874 0.371879 2.3019
-2.32874 0.330992 2.31286
-2.32874 0.290105 2.3019
-2.32874 0.260174 2.27197
-2.32874 0.249218 2.23108
-2.32874 0.260174 2.1902
-2.32874 0.290105 2.16026
-2.32874 0.330992 2.14931
-2.32874 0.371879 2.16026
-2.32874 0.401811 2.1902
-2.38211 0.409269 2.23108
-2.38068 0.398407 2.27197
-2.37677 0.368731 2.3019
-2.37143 0.328194 2.31286
-2.3661 0.287657 2.3019
-2.36219 0.257981 2.27197
-2.36076 0.247119 2.23108
-2.36219 0.257981 2.1902
-2.3661 0.287657 2.16026
-2.37143 0.328194 2.14931
-2.37677 0.368731 2.16026
-2.38068 0.398407 2.1902
-2.43456 0.398835 2.23108
-2.43173 0.388253 2.27197
-2.42398 0.359341 2.3019
-2.4134 0.319847 2.31286
-2.40282 0.280353 2.3019
-2.39507 0.251441 2.27197
-2.39223 0.240859 2.23108
-2.39507 0.251441 2.1902
-2.40282 0.280353 2.16026
-2.4134 0.319847 2.14931
-2.42398 0.359341 2.16026
-2.43173 0.388253 2.1902
-2.48521 0.381643 2.23108
-2.48102 0.371522 2.27197
-2.46956 0.343868 2.3019
-2.45391 0.306093 2.31286
-2.43827 0.268318 2.3019
-2.42681 0.240665 2.27197
-2.42262 0.230544 2.23108
-2.42681 0.240665 2.1902
-2.43827 0.268318 2.16026
-2.45391 0.306094 2.14931
-2.46956 0.343868 2.16026
-2.48102 0.371522 2.1902
-2.53318 0.357988 2.23108
-2.5277 0.348501 2.27197
-2.51273 0.322579 2.3019
-2.49229 0.287169 2.31286
-2.47184 0.25176 2.3019
-2.45688 0.225838 2.27197
-2.4514 0.216351 2.23108
-2.45688 0.225838 2.1902
-2.47184 0.25176 2.16026
-2.49229 0.28717 2.14931
-2.51273 0.322579 2.16026
-2.5277 0.348501 2.1902
-2.57765 0.328275 2.23108
-2.57098 0.319583 2.27197
-2.55275 0.295837 2.3019
-2.52786 0.263398 2.31286
-2.50297 0.230961 2.3019
-2.48475 0.207214 2.27197
-2.47808 0.198522 2.23108
-2.48475 0.207214 2.1902
-2.50297 0.230961 2.16026
-2.52786 0.263398 2.14931
-2.55275 0.295837 2.16026
-2.57098 0.319583 2.1902
-2.61786 0.293011 2.23108
-2.61011 0.285264 2.27197
-2.58894 0.264099 2.3019
-2.56003 0.235187 2.31286
-2.53112 0.206276 2.3019
-2.50996 0.185111 2.27197
-2.50221 0.177364 2.23108
-2.50996 0.185111 2.1902
-2.53112 0.206276 2.16026
-2.56003 0.235187 2.14931
-2.58894 0.264099 2.16026
-2.61011 0.285264 2.1902
-2.65312 0.2528 2.23108
-2.64443 0.246131 2.27197
-2.62068 0.227909 2.3019
-2.58824 0.203019 2.31286
-2.55581 0.178128 2.3019
-2.53206 0.159907 2.27197
-2.52337 0.153238 2.23108
-2.53206 0.159907 2.1902
-2.55581 0.178128 2.16026
-2.58824 0.203019 2.14931
-2.62068 0.227909 2.16026
-2.64443 0.246131 2.1902
-2.68283 0.208331 2.23108
-2.67335 0.202853 2.27197
-2.64742 0.187887 2.3019
-2.61201 0.167443 2.31286
-2.5766 0.147 2.3019
-2.55068 0.132034 2.27197
-2.5412 0.126556 2.23108
-2.55068 0.132034 2.1902
-2.5766 0.147 2.16026
-2.61201 0.167443 2.14931
-2.64742 0.187887 2.16026
-2.67335 0.202853 2.1902
-2.70649 0.160363 2.23108
-2.69637 0.15617 2.27197
-2.66871 0.144716 2.3019
-2.63094 0.129069 2.31286
-2.59316 0.113422 2.3019
-2.56551 0.101968 2.27197
-2.55539 0.0977755 2.23108
-2.56551 0.101968 2.1902
-2.59316 0.113422 2.16026
-2.63094 0.129069 2.14931
-2.66871 0.144716 2.16026
-2.69637 0.15617 2.1902
-2.72368 0.109718 2.23108
-2.7131 0.106883 2.27197
-2.68419 0.0991357 2.3019
-2.64469 0.0885535 2.31286
-2.6052 0.077971 2.3019
-2.57629 0.0702241 2.27197
-2.5657 0.0673886 2.23108
-2.57629 0.0702241 2.1902
-2.6052 0.077971 2.16026
-2.64469 0.0885535 2.14931
-2.68419 0.0991357 2.16026
-2.7131 0.106883 2.1902
-2.73411 0.0572629 2.23108
-2.72325 0.0558329 2.27197
-2.69358 0.0519259 2.3019
-2.65304 0.0465892 2.31286
-2.6125 0.0412524 2.3019
-2.58283 0.0373454 2.27197
-2.57196 0.0359154 2.23108
-2.58283 0.0373455 2.1902
-2.6125 0.0412524 2.16026
-2.65304 0.0465892 2.14931
-2.69358 0.0519259 2.16026
-2.72325 0.0558329 2.1902
-0.0373067 -2.67394 2.23108
-0.0387366 -2.66307 2.27197
-0.0426435 -2.6334 2.3019
-0.0479804 -2.59286 2.31286
-0.0533172 -2.55232 2.3019
-0.057224 -2.52265 2.27197
-0.0586541 -2.51179 2.23108
-0.057224 -2.52265 2.19019
-0.0533172 -2.55232 2.16026
-0.0479804 -2.59286 2.14931
-0.0426435 -2.6334 2.16026
-0.0387366 -2.66307 2.19019
0.0151487 -2.6635 2.23108
0.0123131 -2.65292 2.27197
0.00456627 -2.62401 2.3019
-0.00601612 -2.58451 2.31286
-0.0165984 -2.54502 2.3019
-0.0243453 -2.51611 2.27197
-0.0271808 -2.50553 2.23108
-0.0243453 -2.51611 2.19019
-0.0165984 -2.54502 2.16026
-0.00601612 -2.58451 2.14931
0.00456627 -2.62401 2.16026
0.0123131 -2.65292 2.19019
0.0657937 -2.64631 2.23108
0.0616011 -2.63619 2.27197
0.0501468 -2.60854 2.3019
0.0344999 -2.57076 2.31286
0.018853 -2.53299 2.3019
0.00739874 -2.50533 2.27197
0.00320615 -2.49521 2.23108
0.00739874 -2.50533 2.19019
0.018853 -2.53299 2.16026
0.0344999 -2.57076 2.14931
0.0501468 -2.60854 2.16026
0.0616011 -2.63619 2.19019
0.113761 -2.62266 2.23108
0.108283 -2.61317 2.27197
0.0933175 -2.58725 2.3019
0.0728738 -2.55184 2.31286
0.0524302 -2.51643 2.3019
0.0374645 -2.49051 2.27197
0.0319866 -2.48102 2.23108
0.0374645 -2.49051 2.19019
0.0524302 -2.51643 2.16026
0.0728738 -2.55184 2.14931
0.0933175 -2.58725 2.16026
0.108283 -2.61317 2.19019
0.158231 -2.59294 2.23108
0.151561 -2.58425 2.27197
0.13334 -2.5605 2.3019
0.108449 -2.52807 2.31286
0.0835589 -2.49563 2.3019
0.0653377 -2.47188 2.27197
0.0586683 -2.46319 2.23108
0.0653377 -2.47188 2.19019
0.0835589 -2.49563 2.16026
0.108449 -2.52807 2.14931
0.13334 -2.5605 2.16026
0.151561 -2.58425 2.19019
0.198441 -2.55768 2.23108
0.190694 -2.54993 2.27197
0.16953 -2.52877 2.3019
0.140618 -2.49986 2.31286
0.111706 -2.47094 2.3019
0.0905416 -2.44978 2.27197
0.0827947 -2.44203 2.23108
0.0905416 -2.44978 2.19019
0.111706 -2.47094 2.16026
0.140618 -2.49986 2.14931
0.16953 -2.52877 2.16026
0.190694 -2.54993 2.19019
0.233705 -2.51747 2.23108
0.225013 -2.5108 2.27197
0.201267 -2.49258 2.3019
0.168829 -2.46769 2.31286
0.136391 -2.4428 2.3019
0.112645 -2.42457 2.27197
0.103953 -2.41791 2.23108
0.112645 -2.42457 2.19019
0.136391 -2.4428 2.16026
0.168829 -2.46769 2.14931
0.201267 -2.49258 2.16026
0.225013 -2.5108 2.19019
0.263419 -2.473 2.23108
0.253931 -2.46752 2.27197
0.228009 -2.45255 2.3019
0.1926 -2.43211 2.31286
0.157191 -2.41167 2.3019
0.131269 -2.3967 2.27197
0.121781 -2.39122 2.23108
0.131269 -2.3967 2.19019
0.157191 -2.41167 2.16026
0.1926 -2.43211 2.14931
0.228009 -2.45255 2.16026
0.253931 -2.46752 2.19019
0.287074 -2.42503 2.23108
0.276952 -2.42084 2.27197
0.249299 -2.40938 2.3019
0.211524 -2.39374 2.31286
0.173749 -2.37809 2.3019
0.146096 -2.36664 2.27197
0.135974 -2.36244 2.23108
0.146096 -2.36664 2.19019
0.173749 -2.37809 2.16026
0.211524 -2.39374 2.14931
0.249299 -2.40938 2.16026
0.276952 -2.42084 2.19019
0.304265 -2.37439 2.23108
0.293683 -2.37155 2.27197
0.264771 -2.3638 2.3019
0.225277 -2.35322 2.31286
0.185783 -2.34264 2.3019
0.156872 -2.33489 2.27197
0.146289 -2.33206 2.23108
0.156872 -2.33489 2.19019
0.185783 -2.34264 2.16026
0.225277 -2.35322 2.14931
0.264771 -2.3638 2.16026
0.293683 -2.37155 2.19019
0.314699 -2.32193 2.23108
0.303837 -2.3205 2.27197
0.274162 -2.31659 2.3019
0.233624 -2.31126 2.31286
0.193087 -2.30592 2.3019
0.163412 -2.30201 2.27197
0.15255 -2.30058 2.23108
0.163412 -2.30201 2.19019
0.193087 -2.30592 2.16026
0.233624 -2.31126 2.14931
0.274162 -2.31659 2.16026
0.303837 -2.3205 2.19019
-3 -2.93912 0.0430844
-3 -2.93912 2.67316
-3 0.0608815 0.0430845
-3 0.0608813 2.67316
-1.19209e-07 -2.93912 0.0430844
-1.19209e-07 -2.93912 2.67316
-1.19209e-07 0.0608815 0.0430845
-1.19209e-07 0.0608813 2.67316
-0.0103179 -0.555913 0.0452774
-0.0103179 -0.555913 0.371277
-0.0103179 -0.509892 0.0452774
-0.0103179 -0.509892 0.371277
0.315682 -0.555913 0.0452774
0.315682 -0.509892 0.0452774
0.0385821 -0.509892 0.371277
0.315682 -0.509892 0.0941774
0.315682 -0.555913 0.0941774
0.0385821 -0.555913 0.371277
0.573544 0.0302892 0.0473026
0.378899 0.0302892 0.0369067
0.573544 0.17047 0.0473026
0.378899 0.17047 0.0369067
2.60313 0.0302892 1.73264
2.69489 0.0302893 2.0047
2.60313 0.17047 1.73264
2.69489 0.17047 2.0047
0.318197 -2.26856 1.85866
0.307242 -2.26856 1.89955
0.27731 -2.26856 1.92948
0.236423 -2.26856 1.94043
0.195536 -2.26856 1.92948
0.165604 -2.26856 1.89955
0.154648 -2.26856 1.85866
0.165604 -2.26856 1.81777
0.195536 -2.26856 1.78784
0.236423 -2.26856 1.77688
0.27731 -2.26856 1.78784
0.307242 -2.26856 1.81777
0.314699 0.0572627 1.85866
0.303837 0.0558329 1.89955
0.274162 0.051926 1.92948
0.233624 0.0465892 1.94043
0.193087 0.0412522 1.92948
0.163412 0.0373455 1.89955
0.15255 0.0359154 1.85866
0.163412 0.0373455 1.81777
0.193087 0.0412522 1.78784
0.233624 0.0465892 1.77688
0.274162 0.051926 1.78784
0.303837 0.0558329 1.81777
0.304265 0.109718 1.85866
0.293683 0.106883 1.89955
0.264771 0.0991359 1.92948
0.225277 0.0885535 1.94043
0.185783 0.077971 1.92948
0.156872 0.0702241 1.89955
0.146289 0.0673886 1.85866
0.156872 0.0702241 1.81777
0.185783 0.0779711 1.78784
0.225277 0.0885535 1.77688
0.264771 0.099136 1.78784
0.293683 0.106883 1.81777
0.287074 0.160363 1.85866
0.276952 0.15617 1.89955
0.249299 0.144716 1.92948
0.211524 0.129069 1.94043
0.173749 0.113422 1.92948
0.146096 0.101968 1.89955
0.135974 0.0977755 1.85866
0.146096 0.101968 1.81777
0.173749 0.113422 1.78784
0.211524 0.129069 1.77688
0.249299 0.144716 1.78784
0.276952 0.15617 1.81777
0.263419 0.20833 1.85866
0.253931 0.202853 1.89955
0.228009 0.187887 1.92948
0.1926 0.167443 1.94043
0.157191 0.147 1.92948
0.131269 0.132034 1.89955
0.121781 0.126556 1.85866
0.131269 0.132034 1.81777
0.157191 0.147 1.78784
0.1926 0.167443 1.77688
0.228009 0.187887 1.78784
0.253931 0.202853 1.81777
0.233705 0.2528 1.85866
0.225013 0.246131 1.89955
0.201267 0.227909 1.92948
0.168829 0.203019 1.94043
0.136391 0.178128 1.92948
0.112645 0.159907 1.89955
0.103953 0.153238 1.85866
0.112645 0.159907 1.81777
0.136391 0.178128 1.78784
0.168829 0.203019 1.77688
0.201267 0.227909 1.78784
0.225013 0.246131 1.81777
0.198441 0.293011 1.85866
0.190695 0.285264 1.89955
0.16953 0.264099 1.92948
0.140618 0.235188 1.94043
0.111706 0.206276 1.92948
0.0905416 0.185111 1.89955
0.0827948 0.177364 1.85866
0.0905416 0.185111 1.81777
0.111706 0.206276 1.78784
0.140618 0.235188 1.77688
0.16953 0.264099 1.78784
0.190695 0.285264 1.81777
0.158231 0.328275 1.85866
0.151561 0.319583 1.89955
0.13334 0.295837 1.92948
0.10845 0.263398 1.94043
0.0835589 0.230961 1.92948
0.0653378 0.207214 1.89955
0.0586684 0.198522 1.85866
0.0653378 0.207214 1.81777
0.0835589 0.230961 1.78784
0.10845 0.263398 1.77688
0.13334 0.295837 1.78784
0.151561 0.319583 1.81777
0.113761 0.357988 1.85866
0.108283 0.3485 1.89955
0.0933175 0.322579 1.92948
0.0728738 0.28717 1.94043
0.0524302 0.25176 1.92948
0.0374645 0.225838 1.89955
0.0319866 0.216351 1.85866
0.0374645 0.225838 1.81777
0.0524302 0.25176 1.78784
0.0728738 0.28717 1.77688
0.0933175 0.322579 1.78784
0.108283 0.3485 1.81777
0.0657937 0.381643 1.85866
0.0616011 0.371521 1.89955
0.0501468 0.343868 1.92948
0.0344999 0.306094 1.94043
0.018853 0.268318 1.92948
0.00739874 0.240665 1.89955
0.00320615 0.230544 1.85866
0.00739874 0.240665 1.81777
0.018853 0.268318 1.78784
0.0344999 0.306094 1.77688
0.0501468 0.343868 1.78784
0.0616011 0.371521 1.81777
0.0151489 0.398835 1.85866
0.0123133 0.388253 1.89955
0.00456645 0.359341 1.92948
-0.00601594 0.319847 1.94043
-0.0165983 0.280353 1.92948
-0.0243452 0.251441 1.89955
-0.0271807 0.240859 1.85866
-0.0243452 0.251441 1.81777
-0.0165983 0.280353 1.78784
-0.00601594 0.319847 1.77688
0.00456645 0.359341 1.78784
0.0123133 0.388253 1.81777
-0.0373067 0.409269 1.85866
-0.0387366 0.398407 1.89955
-0.0426435 0.368731 1.92948
-0.0479804 0.328194 1.94043
-0.0533172 0.287657 1.92948
-0.057224 0.257981 1.89955
-0.0586541 0.247119 1.85866
-0.057224 0.257981 1.81777
-0.0533172 0.287657 1.78784
-0.0479804 0.328194 1.77688
-0.0426435 0.368731 1.78784
-0.0387366 0.398407 1.81777
-2.32874 0.412767 1.85866
-2.32874 0.401811 1.89955
-2.32874 0.371879 1.92948
-2.32874 0.330992 1.94043
-2.32874 0.290105 1.92948
-2.32874 0.260174 1.89955
-2.32874 0.249218 1.85866
-2.32874 0.260174 1.81777
-2.32874 0.290105 1.78784
-2.32874 0.330992 1.77688
-2.32874 0.371879 1.78784
-2.32874 0.401811 1.81777
-2.38211 0.409269 1.85866
-2.38068 0.398407 1.89955
-2.37677 0.368731 1.92948
-2.37143 0.328194 1.94043
-2.3661 0.287657 1.92948
-2.36219 0.257981 1.89955
-2.36076 0.247119 1.85866
-2.36219 0.257981 1.81777
-2.3661 0.287657 1.78784
-2.37143 0.328194 1.77688
-2.37677 0.368731 1.78784
-2.38068 0.398407 1.81777
-2.43456 0.398835 1.85866
-2.43173 0.388253 1.89955
-2.42398 0.359341 1.92948
-2.4134 0.319847 1.94043
-2.40282 0.280353 1.92948
-2.39507 0.251441 1.89955
-2.39223 0.240859 1.85866
-2.39507 0.251441 1.81777
-2.40282 0.280353 1.78784
-2.4134 0.319847 1.77688
-2.42398 0.359341 1.78784
-2.43173 0.388253 1.81777
-2.48521 0.381643 1.85866
-2.48102 0.371522 1.89955
-2.46956 0.343868 1.92948
-2.45391 0.306094 1.94043
-2.43827 0.268318 1.92948
-2.42681 0.240665 1.89955
-2.42262 0.230544 1.85866
-2.42681 0.240665 1.81777
-2.43827 0.268318 1.78784
-2.45391 0.306094 1.77688
-2.46956 0.343868 1.78784
-2.48102 0.371522 1.81777
-2.53318 0.357988 1.85866
-2.5277 0.348501 1.89955
-2.51273 0.322579 1.92948
-2.49229 0.28717 1.94043
-2.47184 0.25176 1.92948
-2.45688 0.225838 1.89955
-2.4514 0.216351 1.85866
-2.45688 0.225838 1.81777
-2.47184 0.25176 1.78784
-2.49229 0.28717 1.77688
-2.51273 0.322579 1.78784
-2.5277 0.348501 1.81777
-2.57765 0.328275 1.85866
-2.57098 0.319583 1.89955
-2.55275 0.295837 1.92948
-2.52786 0.263398 1.94043
-2.50297 0.230961 1.92948
-2.48475 0.207214 1.89955
-2.47808 0.198522 1.85866
-2.48475 0.207214 1.81777
-2.50297 0.230961 1.78784
-2.52786 0.263398 1.77688
-2.55275 0.295837 1.78784
-2.57098 0.319583 1.81777
-2.61786 0.293011 1.85866
-2.61011 0.285264 1.89955
-2.58894 0.264099 1.92948
-2.56003 0.235187 1.94043
-2.53112 0.206276 1.92948
-2.50996 0.185111 1.89955
-2.50221 0.177364 1.85866
-2.50996 0.185111 1.81777
-2.53112 0.206276 1.78784
-2.56003 0.235187 1.77688
-2.58894 0.264099 1.78784
-2.61011 0.285264 1.81777
-2.65312 0.2528 1.85866
-2.64443 0.246131 1.89955
-2.62068 0.227909 1.92948
-2.58824 0.203019 1.94043
-2.55581 0.178128 1.92948
-2.53206 0.159907 1.89955
-2.52337 0.153238 1.85866
-2.53206 0.159907 1.81777
-2.55581 0.178128 1.78784
-2.58824 0.203019 1.77688
-2.62068 0.227909 1.78784
-2.64443 0.246131 1.81777
-2.68283 0.208331 1.85866
-2.67335 0.202853 1.89955
-2.64742 0.187887 1.92948
-2.61201 0.167443 1.94043
-2.5766 0.147 1.92948
-2.55068 0.132034 1.89955
-2.5412 0.126556 1.85866
-2.55068 0.132034 1.81777
-2.5766 0.147 1.78784
-2.61201 0.167443 1.77688
-2.64742 0.187887 1.78784
-2.67335 0.202853 1.81777
-2.70649 0.160363 1.85866
-2.69637 0.15617 1.89955
-2.66871 0.144716 1.92948
-2.63094 0.129069 1.94043
-2.59316 0.113422 1.92948
-2.56551 0.101968 1.89955
-2.55539 0.0977755 1.85866
-2.56551 0.101968 1.81777
-2.59316 0.113422 1.78784
-2.63094 0.129069 1.77688
-2.66871 0.144716 1.78784
-2.69637 0.15617 1.81777
-2.72368 0.109718 1.85866
-2.7131 0.106883 1.89955
-2.68419 0.0991357 1.92948
-2.64469 0.0885535 1.94043
-2.6052 0.077971 1.92948
-2.57629 0.0702241 1.89955
-2.5657 0.0673886 1.85866
-2.57629 0.0702241 1.81777
-2.6052 0.0779711 1.78784
-2.64469 0.0885535 1.77688
-2.68419 0.0991357 1.78784
-2.7131 0.106883 1.81777
-2.73411 0.057263 1.85866
-2.72325 0.0558329 1.89955
-2.69358 0.051926 1.92948
-2.65304 0.0465892 1.94043
-2.6125 0.0412524 1.92948
-2.58283 0.0373455 1.89955
-2.57196 0.0359154 1.85866
-2.58283 0.0373455 1.81777
-2.6125 0.0412524 1.78784
-2.65304 0.0465892 1.77688
-2.69358 0.051926 1.78784
-2.72325 0.0558329 1.81777
-0.0373067 -2.67394 1.85866
-0.0387366 -2.66307 1.89955
-0.0426435 -2.6334 1.92948
-0.0479804 -2.59286 1.94043
-0.0533172 -2.55232 1.92948
-0.057224 -2.52265 1.89955
-0.0586541 -2.51179 1.85866
-0.057224 -2.52265 1.81777
-0.0533172 -2.55232 1.78784
-0.0479804 -2.59286 1.77688
-0.0426435 -2.6334 1.78784
-0.0387366 -2.66307 1.81777
0.0151487 -2.6635 1.85866
0.0123131 -2.65292 1.89955
0.00456627 -2.62401 1.92948
-0.00601612 -2.58451 1.94043
-0.0165984 -2.54502 1.92948
-0.0243453 -2.51611 1.89955
-0.0271808 -2.50553 1.85866
-0.0243453 -2.51611 1.81777
-0.0165984 -2.54502 1.78784
-0.00601612 -2.58451 1.77688
0.00456627 -2.62401 1.78784
0.0123131 -2.65292 1.81777
0.0657937 -2.64631 1.85866
0.0616011 -2.63619 1.89955
0.0501468 -2.60854 1.92948
0.0344999 -2.57076 1.94043
0.018853 -2.53299 1.92948
0.00739874 -2.50533 1.89955
0.00320615 -2.49521 1.85866
0.00739874 -2.50533 1.81777
0.018853 -2.53299 1.78784
0.0344999 -2.57076 1.77688
0.0501468 -2.60854 1.78784
0.0616011 -2.63619 1.81777
0.113761 -2.62266 1.85866
0.108283 -2.61317 1.89955
0.0933175 -2.58725 1.92948
0.0728738 -2.55184 1.94043
0.0524302 -2.51643 1.92948
0.0374645 -2.49051 1.89955
0.0319866 -2.48102 1.85866
0.0374645 -2.49051 1.81777
0.0524302 -2.51643 1.78784
0.0728738 -2.55184 1.77688
0.0933175 -2.58725 1.78784
0.108283 -2.61317 1.81777
0.158231 -2.59294 1.85866
0.151561 -2.58425 1.89955
0.13334 -2.5605 1.92948
0.108449 -2.52807 1.94043
0.0835589 -2.49563 1.92948
0.0653377 -2.47188 1.89955
0.0586683 -2.46319 1.85866
0.0653377 -2.47188 1.81777
0.0835589 -2.49563 1.78784
0.108449 -2.52807 1.77688
0.13334 -2.5605 1.78784
0.151561 -2.58425 1.81777
0.198441 -2.55768 1.85866
0.190694 -2.54993 1.89955
0.16953 -2.52877 1.92948
0.140618 -2.49986 1.94043
0.111706 -2.47094 1.92948
0.0905416 -2.44978 1.89955
0.0827947 -2.44203 1.85866
0.0905416 -2.44978 1.81777
0.111706 -2.47094 1.78784
0.140618 -2.49986 1.77688
0.16953 -2.52877 1.78784
0.190694 -2.54993 1.81777
0.233705 -2.51747 1.85866
0.225013 -2.5108 1.89955
0.201267 -2.49258 1.92948
0.168829 -2.46769 1.94043
0.136391 -2.4428 1.92948
0.112645 -2.42457 1.89955
0.103953 -2.41791 1.85866
0.112645 -2.42457 1.81777
0.136391 -2.4428 1.78784
0.168829 -2.46769 1.77688
0.201267 -2.49258 1.78784
0.225013 -2.5108 1.81777
0.263419 -2.473 1.85866
0.253931 -2.46752 1.89955
0.228009 -2.45255 1.92948
0.1926 -2.43211 1.94043
0.157191 -2.41167 1.92948
0.131269 -2.3967 1.89955
0.121781 -2.39122 1.85866
0.131269 -2.3967 1.81777
0.157191 -2.41167 1.78784
0.1926 -2.43211 1.77688
0.228009 -2.45255 1.78784
0.253931 -2.46752 1.81777
0.287074 -2.42503 1.85866
0.276952 -2.42084 1.89955
0.249299 -2.40938 1.92948
0.211524 -2.39374 1.94043
0.173749 -2.37809 1.92948
0.146096 -2.36664 1.89955
0.135974 -2.36244 1.85866
0.146096 -2.36664 1.81777
0.173749 -2.37809 1.78784
0.211524 -2.39374 1.77688
0.249299 -2.40938 1.78784
0.276952 -2.42084 1.81777
0.304265 -2.37439 1.85866
0.293683 -2.37155 1.89955
0.264771 -2.3638 1.92948
0.225277 -2.35322 1.94043
0.185783 -2.34264 1.92948
0.156872 -2.33489 1.89955
0.146289 -2.33206 1.85866
0.156872 -2.33489 1.81777
0.185783 -2.34264 1.78784
0.225277 -2.35322 1.77688
0.264771 -2.3638 1.78784
0.293683 -2.37155 1.81777
0.314699 -2.32193 1.85866
0.303837 -2.3205 1.89955
0.274162 -2.31659 1.92948
0.233624 -2.31126 1.94043
0.193087 -2.30592 1.92948
0.163412 -2.30201 1.89955
0.15255 -2.30058 1.85866
0.163412 -2.30201 1.81777
0.193087 -2.30592 1.78784
0.233624 -2.31126 1.77688
0.274162 -2.31659 1.78784
0.303837 -2.3205 1.81777
-9 -31 -0.199999
-9 -31 1.35505e-06
-9 31 -0.200001
-9 31 -1.35505e-06
9 -31 -0.199999
9 -31 1.35505e-06
9 31 -0.200001
9 31 -1.35505e-06
-8.60593 -7.01996 3.06852e-07
8.60593 -7.01996 3.06852e-07
8.60593 31 -1.35505e-06
8.60593 -31 1.35505e-06
-8.60593 -31 1.35505e-06
-8.60593 31 -1.35505e-06
-9 -31 10
-9 31 10
8.60593 31 10
9 31 10
9 -31 10
-8.60593 -31 10
8.60593 -31 10
-8.60593 31 10
-9 -31 10.3887
-9 31 10.3887
8.60593 31 10.3887
9 31 10.3887
9 -31 10.3887
-8.60593 -31 10.3887
8.60593 -31 10.3887
-8.60593 31 10.3887
-8.60593 10.4014 -4.54661e-07
8.60593 10.4014 -4.54661e-07
8.60593 -7.34186 3.20923e-07
-8.60593 -7.34186 3.20923e-07
-8.60593 9.99457 -4.36876e-07
8.60593 9.99457 -4.36876e-07
-6.38383 10.4014 -4.54661e-07
-6.38383 9.99457 -4.36876e-07
-6.38383 -7.01996 3.06852e-07
-6.38383 -7.34186 3.20923e-07
5.09682 10.4014 -4.54661e-07
5.09682 9.99457 -4.36876e-07
5.09682 -7.01996 3.06852e-07
5.09682 -7.34186 3.20923e-07
5.09682 10.4014 1.95268
-6.38383 10.4014 1.95268
5.09682 9.99457 1.95268
-6.38383 9.99457 1.95268
5.09682 -7.01996 1.95268
-6.38383 -7.01996 1.95268
5.09682 -7.34186 1.95268
-6.38383 -7.34186 1.95268
1.93977 -2.25 -0.0205719
1.93977 -2.25 1.50156
1.93785 -2.26951 -0.0205719
1.93785 -2.26951 1.50156
1.93216 -2.28827 -0.0205719
1.93216 -2.28827 1.50156
1.92291 -2.30556 -0.0205719
1.92291 -2.30556 1.50156
1.91047 -2.32071 -0.0205719
1.91047 -2.32071 1.50156
1.89531 -2.33315 -0.0205719
1.89531 -2.33315 1.50156
1.87801 -2.34239 -0.0205719
1.87801 -2.34239 1.50156
1.85924 -2.34808 -0.0205719
1.85924 -2.34808 1.50156
1.83972 -2.35 -0.0205719
1.83972 -2.35 1.50156
1.8202 -2.34808 -0.0205719
1.8202 -2.34808 1.50156
1.80144 -2.34239 -0.0205719
1.80144 -2.34239 1.50156
1.78414 -2.33315 -0.0205719
1.78414 -2.33315 1.50156
1.76898 -2.32071 -0.0205719
1.76898 -2.32071 1.50156
1.75654 -2.30556 -0.0205719
1.75654 -2.30556 1.50156
1.74729 -2.28827 -0.0205719
1.74729 -2.28827 1.50156
1.7416 -2.26951 -0.0205719
1.7416 -2.26951 1.50156
1.73967 -2.25 -0.0205719
1.73967 -2.25 1.50156
1.7416 -2.23049 -0.0205719
1.7416 -2.23049 1.50156
1.74729 -2.21173 -0.0205719
1.74729 -2.21173 1.50156
1.75654 -2.19444 -0.0205719
1.75654 -2.19444 1.50156
1.76898 -2.17929 -0.0205719
1.76898 -2.17929 1.50156
1.78414 -2.16685 -0.0205719
1.78414 -2.16685 1.50156
1.80144 -2.15761 -0.0205719
1.80144 -2.15761 1.50156
1.8202 -2.15192 -0.0205719
1.8202 -2.15192 1.50156
1.83972 -2.15 -0.0205719
1.83972 -2.15 1.50156
1.85924 -2.15192 -0.0205719
1.85924 -2.15192 1.50156
1.87801 -2.15761 -0.0205719
1.87801 -2.15761 1.50156
1.89531 -2.16685 -0.0205719
1.89531 -2.16685 1.50156
1.91047 -2.17929 -0.0205719
1.91047 -2.17929 1.50156
1.92291 -2.19444 -0.0205719
1.92291 -2.19444 1.50156
1.93216 -2.21173 -0.0205719
1.93216 -2.21173 1.50156
1.93785 -2.23049 -0.0205719
1.93785 -2.23049 1.50156
2.63167 -2.25 1.75355
1.98591 -2.25 1.75355
2.63167 -2.26951 1.75163
1.98591 -2.26951 1.75163
2.63167 -2.28827 1.74595
1.98591 -2.28827 1.74595
2.63167 -2.30556 1.73672
1.98591 -2.30556 1.73672
2.63167 -2.32071 1.72431
1.98591 -2.32071 1.72431
2.63167 -2.33315 1.70918
1.98591 -2.33315 1.70918
2.63167 -2.34239 1.69192
1.98591 -2.34239 1.69192
2.63167 -2.34808 1.67319
1.98591 -2.34808 1.67319
2.63167 -2.35 1.65371
1.98591 -2.35 1.65371
2.63167 -2.34808 1.63423
1.98591 -2.34808 1.63423
2.63167 -2.34239 1.6155
1.98591 -2.34239 1.6155
2.63167 -2.33315 1.59824
1.98591 -2.33315 1.59824
2.63167 -2.32071 1.58311
1.98591 -2.32071 1.58311
2.63167 -2.30556 1.57069
1.98591 -2.30556 1.57069
2.63167 -2.28827 1.56147
1.98591 -2.28827 1.56147
2.63167 -2.26951 1.55579
1.98591 -2.26951 1.55579
2.63167 -2.25 1.55387
1.98591 -2.25 1.55387
2.63167 -2.23049 1.55579
1.98591 -2.23049 1.55579
2.63167 -2.21173 1.56147
1.98591 -2.21173 1.56147
2.63167 -2.19444 1.57069
1.98591 -2.19444 1.57069
2.63167 -2.17929 1.58311
1.98591 -2.17929 1.58311
2.63167 -2.16685 1.59824
1.98591 -2.16685 1.59824
2.63167 -2.15761 1.6155
1.98591 -2.15761 1.6155
2.63167 -2.15192 1.63423
1.98591 -2.15192 1.63423
2.63167 -2.15 1.65371
1.98591 -2.15 1.65371
2.63167 -2.15192 1.67319
1.98591 -2.15192 1.67319
2.63167 -2.15761 1.69192
1.98591 -2.15761 1.69192
2.63167 -2.16685 1.70918
1.98591 -2.16685 1.70918
2.63167 -2.17929 1.72431
1.98591 -2.17929 1.72431
2.63167 -2.19444 1.73672
1.98591 -2.19444 1.73672
2.63167 -2.21173 1.74595
1.98591 -2.21173 1.74595
2.63167 -2.23049 1.75163
1.98591 -2.23049 1.75163
1.94061 -2.25 1.51976
1.94458 -2.25 1.53554
1.95313 -2.25 1.54746
1.96507 -2.25 1.55323
1.97668 -2.25 1.55427
1.93881 -2.23079 1.52045
1.94308 -2.23136 1.5367
1.95199 -2.23166 1.54893
1.96432 -2.23136 1.55493
1.97632 -2.23079 1.55613
1.93349 -2.21233 1.5225
1.93864 -2.21343 1.54015
1.94864 -2.21403 1.55329
1.96209 -2.21343 1.55997
1.97525 -2.21233 1.56164
1.92485 -2.19531 1.52584
1.93144 -2.19691 1.54574
1.9432 -2.19778 1.56037
1.95848 -2.19691 1.56815
1.97351 -2.19531 1.57058
1.91322 -2.18039 1.53032
1.92174 -2.18243 1.55326
1.93587 -2.18353 1.5699
1.95361 -2.18243 1.57916
1.97117 -2.18039 1.58261
1.89905 -2.16815 1.53579
1.90992 -2.17055 1.56243
1.92694 -2.17184 1.5815
1.94769 -2.17055 1.59258
1.96831 -2.16815 1.59728
1.88289 -2.15905 1.54202
1.89644 -2.16172 1.57288
1.91675 -2.16315 1.59475
1.94092 -2.16172 1.60789
1.96506 -2.15905 1.61401
1.86535 -2.15345 1.54879
1.88181 -2.15628 1.58423
1.9057 -2.15781 1.60912
1.93358 -2.15628 1.6245
1.96152 -2.15345 1.63216
1.8471 -2.15155 1.55582
1.86659 -2.15444 1.59604
1.8942 -2.156 1.62407
1.92595 -2.15444 1.64178
1.95785 -2.15155 1.65104
1.82886 -2.15345 1.56286
1.85138 -2.15628 1.60784
1.88271 -2.15781 1.63901
1.91832 -2.15628 1.65905
1.95417 -2.15345 1.66991
1.81132 -2.15905 1.56963
1.83675 -2.16172 1.61919
1.87166 -2.16315 1.65339
1.91098 -2.16172 1.67567
1.95064 -2.15905 1.68807
1.79516 -2.16815 1.57586
1.82327 -2.17055 1.62965
1.86147 -2.17184 1.66663
1.90422 -2.17055 1.69098
1.94738 -2.16815 1.7048
1.78099 -2.18039 1.58133
1.81145 -2.18243 1.63882
1.85254 -2.18353 1.67824
1.89829 -2.18243 1.7044
1.94453 -2.18039 1.71946
1.76936 -2.19531 1.58582
1.80175 -2.19691 1.64634
1.84521 -2.19778 1.68777
1.89342 -2.19691 1.71541
1.94219 -2.19531 1.73149
1.76072 -2.21233 1.58915
1.79454 -2.21343 1.65194
1.83977 -2.21403 1.69485
1.88981 -2.21343 1.72359
1.94045 -2.21233 1.74044
1.7554 -2.23079 1.5912
1.79011 -2.23136 1.65538
1.83641 -2.23166 1.69921
1.88758 -2.23136 1.72863
1.93937 -2.23079 1.74594
1.7536 -2.25 1.59189
1.78861 -2.25 1.65654
1.83528 -2.25 1.70068
1.88683 -2.25 1.73033
1.93901 -2.25 1.7478
1.7554 -2.2692 1.5912
1.79011 -2.26864 1.65538
1.83641 -2.26834 1.69921
1.88758 -2.26864 1.72863
1.93937 -2.2692 1.74594
1.76072 -2.28767 1.58915
1.79454 -2.28657 1.65194
1.83977 -2.28597 1.69485
1.88981 -2.28657 1.72359
1.94045 -2.28767 1.74044
1.76936 -2.30469 1.58582
1.80175 -2.30309 1.64634
1.84521 -2.30222 1.68777
1.89342 -2.30309 1.71541
1.94219 -2.30469 1.73149
1.78099 -2.31961 1.58133
1.81145 -2.31757 1.63882
1.85254 -2.31647 1.67824
1.89829 -2.31757 1.7044
1.94453 -2.31961 1.71946
1.79516 -2.33185 1.57586
1.82327 -2.32945 1.62965
1.86147 -2.32816 1.66663
1.90422 -2.32945 1.69098
1.94738 -2.33185 1.7048
1.81132 -2.34095 1.56963
1.83675 -2.33828 1.61919
1.87166 -2.33684 1.65339
1.91098 -2.33828 1.67567
1.95064 -2.34095 1.68807
1.82886 -2.34655 1.56286
1.85138 -2.34372 1.60784
1.88271 -2.34219 1.63901
1.91832 -2.34372 1.65905
1.95417 -2.34655 1.66991
1.8471 -2.34844 1.55582
1.86659 -2.34555 1.59604
1.8942 -2.344 1.62407
1.92595 -2.34555 1.64178
1.95785 -2.34844 1.65104
1.86535 -2.34655 1.54879
1.88181 -2.34372 1.58423
1.9057 -2.34219 1.60912
1.93358 -2.34372 1.6245
1.96152 -2.34655 1.63216
1.88289 -2.34095 1.54202
1.89644 -2.33828 1.57288
1.91675 -2.33684 1.59475
1.94092 -2.33828 1.60789
1.96506 -2.34095 1.61401
1.89905 -2.33185 1.53579
1.90992 -2.32945 1.56243
1.92694 -2.32816 1.5815
1.94769 -2.32945 1.59258
1.96831 -2.33185 1.59728
1.91322 -2.31961 1.53032
1.92174 -2.31757 1.55326
1.93587 -2.31647 1.5699
1.95361 -2.31757 1.57916
1.97117 -2.31961 1.58261
1.92485 -2.30469 1.52584
1.93144 -2.30309 1.54574
1.9432 -2.30222 1.56037
1.95848 -2.30309 1.56815
1.97351 -2.30469 1.57058
1.93349 -2.28767 1.5225
1.93864 -2.28657 1.54015
1.94864 -2.28597 1.55329
1.96209 -2.28657 1.55997
1.97525 -2.28767 1.56164
1.97632 -2.2692 1.55613
1.96432 -2.26864 1.55493
1.95199 -2.26834 1.54893
1.94308 -2.26864 1.5367
1.93881 -2.2692 1.52045
0.573544 -2.7153 0.0473028
0.378899 -2.7153 0.0369069
0.573544 -2.57512 0.0473028
0.378899 -2.57512 0.0369069
2.60313 -2.7153 1.73264
2.69489 -2.7153 2.0047
2.60313 -2.57512 1.73264
2.69489 -2.57512 2.0047
0.573544 2.65151 0.0473025
0.378899 2.65151 0.0369066
0.573544 2.79169 0.0473025
0.378899 2.79169 0.0369066
2.60313 2.65151 1.73264
2.69489 2.65151 2.0047
2.60313 2.79169 1.73264
2.69489 2.79169 2.0047
-0.697971 1.09076 0.12903
-0.697971 1.09076 0.987036
-0.622401 1.08332 0.12903
-0.622401 1.08332 0.987036
-0.549735 1.06128 0.12903
-0.549735 1.06128 0.987036
-0.482766 1.02548 0.12903
-0.482766 1.02548 0.987036
-0.424067 0.977307 0.12903
-0.424067 0.977307 0.987036
-0.375894 0.918608 0.12903
-0.375894 0.918608 0.987036
-0.340099 0.851639 0.12903
-0.340099 0.851639 0.987036
-0.318056 0.778973 0.12903
-0.318056 0.778974 0.987036
-0.310613 0.703404 0.12903
-0.310613 0.703404 0.987036
-0.318056 0.627834 0.12903
-0.318056 0.627834 0.987036
-0.340099 0.555168 0.12903
-0.340099 0.555168 0.987036
-0.375894 0.488199 0.12903
-0.375894 0.488199 0.987036
-0.424067 0.4295 0.12903
-0.424067 0.4295 0.987036
-0.482766 0.381327 0.12903
-0.482766 0.381327 0.987036
-0.549735 0.345531 0.12903
-0.549735 0.345531 0.987036
-0.622401 0.323489 0.12903
-0.622401 0.323489 0.987036
-0.697971 0.316046 0.12903
-0.697971 0.316046 0.987036
-0.77354 0.323489 0.12903
-0.77354 0.323489 0.987036
-0.846206 0.345531 0.12903
-0.846206 0.345531 0.987036
-0.913175 0.381327 0.12903
-0.913175 0.381327 0.987036
-0.971874 0.4295 0.12903
-0.971874 0.4295 0.987036
-1.02005 0.488199 0.12903
-1.02005 0.488199 0.987036
-1.05584 0.555168 0.12903
-1.05584 0.555168 0.987036
-1.07789 0.627834 0.12903
-1.07789 0.627834 0.987036
-1.08533 0.703404 0.12903
-1.08533 0.703404 0.987036
-1.07789 0.778973 0.12903
-1.07789 0.778974 0.987036
-1.05584 0.851639 0.12903
-1.05584 0.851639 0.987036
-1.02005 0.918608 0.12903
-1.02005 0.918608 0.987036
-0.971874 0.977307 0.12903
-0.971874 0.977307 0.987036
-0.913175 1.02548 0.12903
-0.913175 1.02548 0.987036
-0.846206 1.06128 0.12903
-0.846206 1.06128 0.987036
-0.77354 1.08332 0.12903
-0.77354 1.08332 0.987036
1.93977 2.25 -0.0205711
1.93977 2.25 1.50156
1.93785 2.23049 -0.0205711
1.93785 2.23049 1.50156
1.93216 2.21173 -0.0205711
1.93216 2.21173 1.50156
1.92291 2.19444 -0.0205711
1.92291 2.19444 1.50156
1.91047 2.17929 -0.0205711
1.91047 2.17929 1.50156
1.89531 2.16685 -0.0205711
1.89531 2.16685 1.50156
1.87801 2.15761 -0.0205711
1.87801 2.15761 1.50156
1.85924 2.15192 -0.0205711
1.85924 2.15192 1.50156
1.83972 2.15 -0.0205711
1.83972 2.15 1.50156
1.8202 2.15192 -0.0205711
1.8202 2.15192 1.50156
1.80144 2.15761 -0.0205711
1.80144 2.15761 1.50156
1.78414 2.16685 -0.0205711
1.78414 2.16685 1.50156
1.76898 2.17929 -0.0205711
1.76898 2.17929 1.50156
1.75654 2.19444 -0.0205711
1.75654 2.19444 1.50156
1.74729 2.21173 -0.0205711
1.74729 2.21173 1.50156
1.7416 2.23049 -0.0205711
1.7416 2.23049 1.50156
1.73967 2.25 -0.0205711
1.73967 2.25 1.50156
1.7416 2.26951 -0.0205711
1.7416 2.26951 1.50156
1.74729 2.28827 -0.0205711
1.74729 2.28827 1.50156
1.75654 2.30556 -0.0205711
1.75654 2.30556 1.50156
1.76898 2.32071 -0.0205711
1.76898 2.32071 1.50156
1.78414 2.33315 -0.0205711
1.78414 2.33315 1.50156
1.80144 2.34239 -0.0205711
1.80144 2.34239 1.50156
1.8202 2.34808 -0.0205711
1.8202 2.34808 1.50156
1.83972 2.35 -0.0205711
1.83972 2.35 1.50156
1.85924 2.34808 -0.0205711
1.85924 2.34808 1.50156
1.87801 2.34239 -0.0205711
1.87801 2.34239 1.50156
1.89531 2.33315 -0.0205711
1.89531 2.33315 1.50156
1.91047 2.32071 -0.0205711
1.91047 2.32071 1.50156
1.92291 2.30556 -0.0205711
1.92291 2.30556 1.50156
1.93216 2.28827 -0.0205711
1.93216 2.28827 1.50156
1.93785 2.26951 -0.0205711
1.93785 2.26951 1.50156
2.63167 2.25 1.75355
1.98591 2.25 1.75355
2.63167 2.23049 1.75163
1.98591 2.23049 1.75163
2.63167 2.21173 1.74595
1.98591 2.21173 1.74595
2.63167 2.19444 1.73672
1.98591 2.19444 1.73672
2.63167 2.17929 1.72431
1.98591 2.17929 1.72431
2.63167 2.16685 1.70918
1.98591 2.16685 1.70918
2.63167 2.15761 1.69192
1.98591 2.15761 1.69192
2.63167 2.15192 1.67319
1.98591 2.15192 1.67319
2.63167 2.15 1.65371
1.98591 2.15 1.65371
2.63167 2.15192 1.63423
1.98591 2.15192 1.63423
2.63167 2.15761 1.6155
1.98591 2.15761 1.6155
2.63167 2.16685 1.59824
1.98591 2.16685 1.59824
2.63167 2.17929 1.58311
1.98591 2.17929 1.58311
2.63167 2.19444 1.5707
1.98591 2.19444 1.5707
2.63167 2.21173 1.56147
1.98591 2.21173 1.56147
2.63167 2.23049 1.55579
1.98591 2.23049 1.55579
2.63167 2.25 1.55387
1.98591 2.25 1.55387
2.63167 2.26951 1.55579
1.98591 2.26951 1.55579
2.63167 2.28827 1.56147
1.98591 2.28827 1.56147
2.63167 2.30556 1.5707
1.98591 2.30556 1.5707
2.63167 2.32071 1.58311
1.98591 2.32071 1.58311
2.63167 2.33315 1.59824
1.98591 2.33315 1.59824
2.63167 2.34239 1.6155
1.98591 2.34239 1.6155
2.63167 2.34808 1.63423
1.98591 2.34808 1.63423
2.63167 2.35 1.65371
1.98591 2.35 1.65371
2.63167 2.34808 1.67319
1.98591 2.34808 1.67319
2.63167 2.34239 1.69192
1.98591 2.34239 1.69192
2.63167 2.33315 1.70918
1.98591 2.33315 1.70918
2.63167 2.32071 1.72431
1.98591 2.32071 1.72431
2.63167 2.30556 1.73672
1.98591 2.30556 1.73672
2.63167 2.28827 1.74595
1.98591 2.28827 1.74595
2.63167 2.26951 1.75163
1.98591 2.26951 1.75163
1.94061 2.25 1.51976
1.94458 2.25 1.53554
1.95313 2.25 1.54746
1.96507 2.25 1.55323
1.97668 2.25 1.55427
1.93881 2.26921 1.52045
1.94308 2.26864 1.53671
1.95199 2.26834 1.54893
1.96432 2.26864 1.55493
1.97632 2.26921 1.55613
1.93349 2.28767 1.52251
1.93864 2.28657 1.54015
1.94864 2.28597 1.55329
1.96209 2.28657 1.55997
1.97525 2.28767 1.56164
1.92485 2.30469 1.52584
1.93144 2.30309 1.54574
1.9432 2.30222 1.56037
1.95848 2.30309 1.56815
1.97351 2.30469 1.57058
1.91322 2.31961 1.53032
1.92174 2.31757 1.55326
1.93587 2.31647 1.5699
1.95361 2.31757 1.57916
1.97117 2.31961 1.58262
1.89905 2.33185 1.53579
1.90992 2.32945 1.56243
1.92694 2.32816 1.5815
1.94769 2.32945 1.59258
1.96831 2.33185 1.59728
1.88289 2.34095 1.54202
1.89644 2.33828 1.57289
1.91675 2.33685 1.59475
1.94092 2.33828 1.60789
1.96506 2.34095 1.61401
1.86535 2.34655 1.54879
1.88181 2.34372 1.58423
1.9057 2.34219 1.60912
1.93358 2.34372 1.6245
1.96152 2.34655 1.63216
1.8471 2.34845 1.55582
1.86659 2.34556 1.59604
1.8942 2.344 1.62407
1.92595 2.34556 1.64178
1.95785 2.34845 1.65104
1.82886 2.34655 1.56286
1.85138 2.34372 1.60784
1.88271 2.34219 1.63901
1.91832 2.34372 1.65905
1.95417 2.34655 1.66992
1.81132 2.34095 1.56963
1.83675 2.33828 1.61919
1.87166 2.33685 1.65339
1.91098 2.33828 1.67567
1.95064 2.34095 1.68807
1.79516 2.33185 1.57586
1.82327 2.32945 1.62965
1.86147 2.32816 1.66663
1.90422 2.32945 1.69098
1.94738 2.33185 1.7048
1.78099 2.31961 1.58133
1.81145 2.31757 1.63882
1.85254 2.31647 1.67824
1.89829 2.31757 1.7044
1.94453 2.31961 1.71946
1.76936 2.30469 1.58582
1.80175 2.30309 1.64635
1.84521 2.30222 1.68777
1.89342 2.30309 1.71541
1.94219 2.30469 1.73149
1.76072 2.28767 1.58915
1.79454 2.28657 1.65194
1.83977 2.28597 1.69485
1.88981 2.28657 1.72359
1.94045 2.28767 1.74044
1.7554 2.26921 1.5912
1.79011 2.26864 1.65538
1.83641 2.26834 1.69921
1.88758 2.26864 1.72863
1.93937 2.26921 1.74594
1.7536 2.25 1.5919
1.78861 2.25 1.65654
1.83528 2.25 1.70068
1.88683 2.25 1.73033
1.93901 2.25 1.7478
1.7554 2.2308 1.5912
1.79011 2.23136 1.65538
1.83641 2.23166 1.69921
1.88758 2.23136 1.72863
1.93937 2.2308 1.74594
1.76072 2.21233 1.58915
1.79454 2.21343 1.65194
1.83977 2.21403 1.69485
1.88981 2.21343 1.72359
1.94045 2.21233 1.74044
1.76936 2.19531 1.58582
1.80175 2.19691 1.64635
1.84521 2.19778 1.68777
1.89342 2.19691 1.71541
1.94219 2.19531 1.73149
1.78099 2.18039 1.58133
1.81145 2.18243 1.63882
1.85254 2.18353 1.67824
1.89829 2.18243 1.7044
1.94453 2.18039 1.71946
1.79516 2.16815 1.57586
1.82327 2.17055 1.62965
1.86147 2.17184 1.66663
1.90422 2.17055 1.69098
1.94738 2.16815 1.7048
1.81132 2.15905 1.56963
1.83675 2.16172 1.61919
1.87166 2.16316 1.65339
1.91098 2.16172 1.67567
1.95064 2.15905 1.68807
1.82886 2.15345 1.56286
1.85138 2.15628 1.60784
1.88271 2.15781 1.63901
1.91832 2.15628 1.65905
1.95417 2.15345 1.66992
1.8471 2.15156 1.55582
1.86659 2.15445 1.59604
1.8942 2.156 1.62407
1.92595 2.15445 1.64178
1.95785 2.15156 1.65104
1.86535 2.15345 1.54879
1.88181 2.15628 1.58423
1.9057 2.15781 1.60912
1.93358 2.15628 1.6245
1.96152 2.15345 1.63216
1.88289 2.15905 1.54202
1.89644 2.16172 1.57289
1.91675 2.16316 1.59475
1.94092 2.16172 1.60789
1.96506 2.15905 1.61401
1.89905 2.16815 1.53579
1.90992 2.17055 1.56243
1.92694 2.17184 1.5815
1.94769 2.17055 1.59258
1.96831 2.16815 1.59728
1.91322 2.18039 1.53032
1.92174 2.18243 1.55326
1.93587 2.18353 1.5699
1.95361 2.18243 1.57916
1.97117 2.18039 1.58262
1.92485 2.19531 1.52584
1.93144 2.19691 1.54574
1.9432 2.19778 1.56037
1.95848 2.19691 1.56815
1.97351 2.19531 1.57058
1.93349 2.21233 1.52251
1.93864 2.21343 1.54015
1.94864 2.21403 1.55329
1.96209 2.21343 1.55997
1.97525 2.21233 1.56164
1.97632 2.2308 1.55613
1.96432 2.23136 1.55493
1.95199 2.23166 1.54893
1.94308 2.23136 1.53671
1.93881 2.2308 1.52045
-2 -1.93912 2.67316
-2 -1.93912 2.82316
-2 -0.939119 2.67316
-2 -0.939119 2.82316
-1 -1.93912 2.67316
-1 -1.93912 2.82316
-1 -0.939119 2.67316
-1 -0.939119 2.82316
2.76567 3.05419 2.48217
2.86328 3.05419 2.46043
2.76567 -2.94581 2.48217
2.86328 -2.94581 2.46043
2.22034 3.05419 0.0336058
2.31795 3.05419 0.0118668
2.22034 -2.94581 0.0336051
2.31795 -2.94581 0.0118661
2.76567 1.10503 2.48217
2.31795 1.10503 0.0118664
2.86328 1.10503 2.46043
2.22034 1.10503 0.0336054
2.76567 1.99507 2.48217
2.22034 1.99507 0.0336055
2.31795 1.99507 0.0118665
2.86328 1.99507 2.46043
2.71768 1.1269 2.26668
2.71768 1.97319 2.26668
2.81529 1.1269 2.24494
2.81529 1.97319 2.24494
2.3695 1.1269 0.703336
2.3695 1.97319 0.703336
2.46711 1.1269 0.681597
2.46711 1.97319 0.681597
2.3605 1.55005 0.662923
2.4581 1.55005 0.641183
2.3605 1.895 0.662923
2.4581 1.895 0.641183
2.3605 1.2051 0.662923
2.4581 1.2051 0.641183
2.72668 1.55005 2.30709
2.82429 1.55005 2.28535
2.72668 1.895 2.30709
2.82429 1.895 2.28535
2.72668 1.2051 2.30709
2.82429 1.2051 2.28535
2.54359 1.99507 1.48501
2.6412 1.99507 1.46327
2.70125 1.99507 2.19291
2.79886 1.99507 2.17117
2.48353 1.99507 0.755363
2.38593 1.99507 0.777102
2.54359 1.10503 1.48501
2.6412 1.10503 1.46327
2.70125 1.10503 2.19291
2.79886 1.10503 2.17117
2.48353 1.10503 0.755363
2.38593 1.10503 0.777102
3 1 2 0
3 3 4 2
3 5 6 4
3 7 8 6
3 9 10 8
3 11 12 10
3 13 14 12
3 15 16 14
3 17 18 16
3 19 20 18
3 21 22 20
3 23 24 22
3 25 26 24
3 27 28 26
3 29 30 28
3 31 32 30
3 33 34 32
3 35 36 34
3 37 38 36
3 39 40 38
3 41 42 40
3 43 44 42
3 45 46 44
3 47 48 46
3 49 50 48
3 51 52 50
3 53 54 52
3 55 56 54
3 57 58 56
3 59 60 58
3 61 62 60
3 63 0 62
3 30 46 62
3 65 66 64
3 67 68 66
3 69 70 68
3 71 72 70
3 73 74 72
3 75 76 74
3 77 78 76
3 79 80 78
3 81 82 80
3 83 84 82
3 85 86 84
3 87 88 86
3 89 90 88
3 91 92 90
3 93 94 92
3 95 96 94
3 97 98 96
3 99 100 98
3 101 102 100
3 103 104 102
3 105 106 104
3 107 108 106
3 109 110 108
3 111 112 110
3 113 114 112
3 115 116 114
3 117 118 116
3 119 120 118
3 121 122 120
3 123 124 122
3 125 126 124
3 127 64 126
3 122 124 102
3 95 282 283
3 93 277 282
3 89 277 91
3 87 272 89
3 85 267 87
3 83 262 85
3 81 257 83
3 79 252 81
3 77 247 79
3 75 242 77
3 73 237 75
3 71 232 73
3 69 227 71
3 67 222 69
3 65 217 67
3 65 207 212
3 127 202 207
3 125 197 202
3 123 192 197
3 121 187 192
3 119 182 187
3 117 177 182
3 115 172 177
3 113 167 172
3 111 162 167
3 109 157 162
3 107 152 157
3 105 147 152
3 101 147 103
3 99 142 101
3 97 137 99
3 97 283 132
3 137 131 136
3 136 130 135
3 135 129 134
3 134 128 133
3 133 1 63
3 142 136 141
3 141 135 140
3 140 134 139
3 139 133 138
3 138 63 61
3 147 141 146
3 146 140 145
3 145 139 144
3 144 138 143
3 143 61 59
3 152 146 151
3 151 145 150
3 150 144 149
3 149 143 148
3 148 59 57
3 157 151 156
3 156 150 155
3 155 149 154
3 154 148 153
3 153 57 55
3 162 156 161
3 161 155 160
3 160 154 159
3 159 153 158
3 158 55 53
3 167 161 166
3 166 160 165
3 165 159 164
3 164 158 163
3 163 53 51
3 172 166 171
3 171 165 170
3 170 164 169
3 169 163 168
3 168 51 49
3 177 171 176
3 176 170 175
3 175 169 174
3 174 168 173
3 173 49 47
3 182 176 181
3 181 175 180
3 180 174 179
3 179 173 178
3 178 47 45
3 187 181 186
3 186 180 185
3 185 179 184
3 184 178 183
3 183 45 43
3 192 186 191
3 191 185 190
3 190 184 189
3 189 183 188
3 188 43 41
3 197 191 196
3 196 190 195
3 195 189 194
3 194 188 193
3 193 41 39
3 202 196 201
3 201 195 200
3 200 194 199
3 199 193 198
3 198 39 37
3 207 201 206
3 206 200 205
3 205 199 204
3 204 198 203
3 203 37 35
3 212 206 211
3 211 205 210
3 210 204 209
3 209 203 208
3 208 35 33
3 212 216 217
3 211 215 216
3 210 214 215
3 209 213 214
3 208 31 213
3 217 221 222
3 216 220 221
3 215 219 220
3 214 218 219
3 213 29 218
3 222 226 227
3 221 225 226
3 220 224 225
3 219 223 224
3 218 27 223
3 227 231 232
3 226 230 231
3 225 229 230
3 224 228 229
3 223 25 228
3 232 236 237
3 231 235 236
3 230 234 235
3 229 233 234
3 228 23 233
3 237 241 242
3 236 240 241
3 235 239 240
3 234 238 239
3 233 21 238
3 242 246 247
3 241 245 246
3 240 244 245
3 239 243 244
3 238 19 243
3 247 251 252
3 246 250 251
3 245 249 250
3 244 248 249
3 243 17 248
3 252 256 257
3 251 255 256
3 250 254 255
3 249 253 254
3 248 15 253
3 257 261 262
3 256 260 261
3 255 259 260
3 254 258 259
3 253 13 258
3 262 266 267
3 261 265 266
3 260 264 265
3 259 263 264
3 258 11 263
3 267 271 272
3 266 270 271
3 265 269 270
3 264 268 269
3 263 9 268
3 272 276 277
3 271 275 276
3 270 274 275
3 269 273 274
3 268 7 273
3 277 281 282
3 276 280 281
3 275 279 280
3 274 278 279
3 273 5 278
3 282 284 283
3 281 285 284
3 280 286 285
3 279 287 286
3 278 3 287
3 283 131 132
3 284 130 131
3 285 129 130
3 286 128 129
3 287 1 128
3 1 3 2
3 3 5 4
3 5 7 6
3 7 9 8
3 9 11 10
3 11 13 12
3 13 15 14
3 15 17 16
3 17 19 18
3 19 21 20
3 21 23 22
3 23 25 24
3 25 27 26
3 27 29 28
3 29 31 30
3 31 33 32
3 33 35 34
3 35 37 36
3 37 39 38
3 39 41 40
3 41 43 42
3 43 45 44
3 45 47 46
3 47 49 48
3 49 51 50
3 51 53 52
3 53 55 54
3 55 57 56
3 57 59 58
3 59 61 60
3 61 63 62
3 63 1 0
3 62 0 2
3 2 4 6
3 6 8 10
3 10 12 14
3 14 16 18
3 18 20 22
3 22 24 26
3 26 28 30
3 30 32 34
3 34 36 38
3 38 40 42
3 42 44 46
3 46 48 50
3 50 52 54
3 54 56 58
3 58 60 62
3 62 2 14
3 2 6 14
3 6 10 14
3 14 18 30
3 18 22 30
3 22 26 30
3 30 34 46
3 34 38 46
3 38 42 46
3 46 50 62
3 50 54 62
3 54 58 62
3 62 14 30
3 65 67 66
3 67 69 68
3 69 71 70
3 71 73 72
3 73 75 74
3 75 77 76
3 77 79 78
3 79 81 80
3 81 83 82
3 83 85 84
3 85 87 86
3 87 89 88
3 89 91 90
3 91 93 92
3 93 95 94
3 95 97 96
3 97 99 98
3 99 101 100
3 101 103 102
3 103 105 104
3 105 107 106
3 107 109 108
3 109 111 110
3 111 113 112
3 113 115 114
3 115 117 116
3 117 119 118
3 119 121 120
3 121 123 122
3 123 125 124
3 125 127 126
3 127 65 64
3 126 64 96
3 64 66 94
3 66 68 94
3 68 70 92
3 94 68 92
3 70 72 88
3 72 74 86
3 74 76 86
3 76 78 84
3 86 76 84
3 78 80 82
3 82 84 78
3 86 88 72
3 88 90 70
3 90 92 70
3 94 96 64
3 96 98 126
3 98 100 126
3 100 102 124
3 126 100 124
3 102 104 120
3 104 106 118
3 106 108 118
3 108 110 116
3 118 108 116
3 110 112 114
3 114 116 110
3 118 120 104
3 120 122 102
3 95 93 282
3 93 91 277
3 89 272 277
3 87 267 272
3 85 262 267
3 83 257 262
3 81 252 257
3 79 247 252
3 77 242 247
3 75 237 242
3 73 232 237
3 71 227 232
3 69 222 227
3 67 217 222
3 65 212 217
3 65 127 207
3 127 125 202
3 125 123 197
3 123 121 192
3 121 119 187
3 119 117 182
3 117 115 177
3 115 113 172
3 113 111 167
3 111 109 162
3 109 107 157
3 107 105 152
3 105 103 147
3 101 142 147
3 99 137 142
3 97 132 137
3 97 95 283
3 137 132 131
3 136 131 130
3 135 130 129
3 134 129 128
3 133 128 1
3 142 137 136
3 141 136 135
3 140 135 134
3 139 134 133
3 138 133 63
3 147 142 141
3 146 141 140
3 145 140 139
3 144 139 138
3 143 138 61
3 152 147 146
3 151 146 145
3 150 145 144
3 149 144 143
3 148 143 59
3 157 152 151
3 156 151 150
3 155 150 149
3 154 149 148
3 153 148 57
3 162 157 156
3 161 156 155
3 160 155 154
3 159 154 153
3 158 153 55
3 167 162 161
3 166 161 160
3 165 160 159
3 164 159 158
3 163 158 53
3 172 167 166
3 171 166 165
3 170 165 164
3 169 164 163
3 168 163 51
3 177 172 171
3 176 171 170
3 175 170 169
3 174 169 168
3 173 168 49
3 182 177 176
3 181 176 175
3 180 175 174
3 179 174 173
3 178 173 47
3 187 182 181
3 186 181 180
3 185 180 179
3 184 179 178
3 183 178 45
3 192 187 186
3 191 186 185
3 190 185 184
3 189 184 183
3 188 183 43
3 197 192 191
3 196 191 190
3 195 190 189
3 194 189 188
3 193 188 41
3 202 197 196
3 201 196 195
3 200 195 194
3 199 194 193
3 198 193 39
3 207 202 201
3 206 201 200
3 205 200 199
3 204 199 198
3 203 198 37
3 212 207 206
3 211 206 205
3 210 205 204
3 209 204 203
3 208 203 35
3 212 211 216
3 211 210 215
3 210 209 214
3 209 208 213
3 208 33 31
3 217 216 221
3 216 215 220
3 215 214 219
3 214 213 218
3 213 31 29
3 222 221 226
3 221 220 225
3 220 219 224
3 219 218 223
3 218 29 27
3 227 226 231
3 226 225 230
3 225 224 229
3 224 223 228
3 223 27 25
3 232 231 236
3 231 230 235
3 230 229 234
3 229 228 233
3 228 25 23
3 237 236 241
3 236 235 240
3 235 234 239
3 234 233 238
3 233 23 21
3 242 241 246
3 241 240 245
3 240 239 244
3 239 238 243
3 238 21 19
3 247 246 251
3 246 245 250
3 245 244 249
3 244 243 248
3 243 19 17
3 252 251 256
3 251 250 255
3 250 249 254
3 249 248 253
3 248 17 15
3 257 256 261
3 256 255 260
3 255 254 259
3 254 253 258
3 253 15 13
3 262 261 266
3 261 260 265
3 260 259 264
3 259 258 263
3 258 13 11
3 267 266 271
3 266 265 270
3 265 264 269
3 264 263 268
3 263 11 9
3 272 271 276
3 271 270 275
3 270 269 274
3 269 268 273
3 268 9 7
3 277 276 281
3 276 275 280
3 275 274 279
3 274 273 278
3 273 7 5
3 282 281 284
3 281 280 285
3 280 279 286
3 279 278 287
3 278 5 3
3 283 284 131
3 284 285 130
3 285 286 129
3 286 287 128
3 287 3 1
3 289 290 288
3 289 294 291
3 296 293 295
3 294 296 295
3 293 288 290
3 295 290 294
3 297 289 288
3 289 291 290
3 289 297 294
3 296 292 293
3 294 297 296
3 293 292 288
3 293 290 295
3 290 291 294
3 288 292 296
3 296 297 288
3 299 300 298
3 301 304 300
3 305 302 304
3 303 298 302
3 304 298 300
3 301 303 305
3 299 301 300
3 301 305 304
3 305 303 302
3 303 299 298
3 304 302 298
3 301 299 303
3 307 308 306
3 309 312 308
3 313 310 312
3 311 306 310
3 312 306 308
3 313 307 311
3 307 309 308
3 309 313 312
3 313 311 310
3 311 307 306
3 312 310 306
3 313 309 307
3 315 316 314
3 317 318 316
3 319 320 318
3 321 322 320
3 323 324 322
3 325 326 324
3 327 328 326
3 329 330 328
3 331 332 330
3 333 334 332
3 335 336 334
3 337 338 336
3 339 340 338
3 341 342 340
3 343 344 342
3 345 346 344
3 347 348 346
3 349 350 348
3 351 352 350
3 353 354 352
3 355 356 354
3 357 358 356
3 359 360 358
3 361 362 360
3 363 364 362
3 365 366 364
3 367 368 366
3 369 370 368
3 371 372 370
3 373 374 372
3 375 376 374
3 377 314 376
3 344 360 376
3 379 380 378
3 381 382 380
3 383 384 382
3 385 386 384
3 387 388 386
3 389 390 388
3 391 392 390
3 393 394 392
3 395 396 394
3 397 398 396
3 399 400 398
3 401 402 400
3 403 404 402
3 405 406 404
3 407 408 406
3 409 410 408
3 411 412 410
3 413 414 412
3 415 416 414
3 417 418 416
3 419 420 418
3 421 422 420
3 423 424 422
3 425 426 424
3 427 428 426
3 429 430 428
3 431 432 430
3 433 434 432
3 435 436 434
3 437 438 436
3 439 440 438
3 441 378 440
3 436 438 416
3 409 596 597
3 407 591 596
3 403 591 405
3 401 586 403
3 399 581 401
3 397 576 399
3 395 571 397
3 393 566 395
3 391 561 393
3 389 556 391
3 387 551 389
3 385 546 387
3 383 541 385
3 381 536 383
3 379 531 381
3 379 521 526
3 441 516 521
3 439 511 516
3 437 506 511
3 435 501 506
3 433 496 501
3 431 491 496
3 429 486 491
3 427 481 486
3 425 476 481
3 423 471 476
3 421 466 471
3 419 461 466
3 415 461 417
3 413 456 415
3 411 451 413
3 411 597 446
3 451 445 450
3 450 444 449
3 449 443 448
3 448 442 447
3 447 315 377
3 456 450 455
3 455 449 454
3 454 448 453
3 453 447 452
3 452 377 375
3 461 455 460
3 460 454 459
3 459 453 458
3 458 452 457
3 457 375 373
3 466 460 465
3 465 459 464
3 464 458 463
3 463 457 462
3 462 373 371
3 471 465 470
3 470 464 469
3 469 463 468
3 468 462 467
3 467 371 369
3 476 470 475
3 475 469 474
3 474 468 473
3 473 467 472
3 472 369 367
3 481 475 480
3 480 474 479
3 479 473 478
3 478 472 477
3 477 367 365
3 486 480 485
3 485 479 484
3 484 478 483
3 483 477 482
3 482 365 363
3 491 485 490
3 490 484 489
3 489 483 488
3 488 482 487
3 487 363 361
3 496 490 495
3 495 489 494
3 494 488 493
3 493 487 492
3 492 361 359
3 501 495 500
3 500 494 499
3 499 493 498
3 498 492 497
3 497 359 357
3 506 500 505
3 505 499 504
3 504 498 503
3 503 497 502
3 502 357 355
3 511 505 510
3 510 504 509
3 509 503 508
3 508 502 507
3 507 355 353
3 516 510 515
3 515 509 514
3 514 508 513
3 513 507 512
3 512 353 351
3 521 515 520
3 520 514 519
3 519 513 518
3 518 512 517
3 517 351 349
3 526 520 525
3 525 519 524
3 524 518 523
3 523 517 522
3 522 349 347
3 526 530 531
3 525 529 530
3 524 528 529
3 523 527 528
3 522 345 527
3 531 535 536
3 530 534 535
3 529 533 534
3 528 532 533
3 527 343 532
3 536 540 541
3 535 539 540
3 534 538 539
3 533 537 538
3 532 341 537
3 541 545 546
3 540 544 545
3 539 543 544
3 538 542 543
3 537 339 542
3 546 550 551
3 545 549 550
3 544 548 549
3 543 547 548
3 542 337 547
3 551 555 556
3 550 554 555
3 549 553 554
3 548 552 553
3 547 335 552
3 556 560 561
3 555 559 560
3 554 558 559
3 553 557 558
3 552 333 557
3 561 565 566
3 560 564 565
3 559 563 564
3 558 562 563
3 557 331 562
3 566 570 571
3 565 569 570
3 564 568 569
3 563 567 568
3 562 329 567
3 571 575 576
3 570 574 575
3 569 573 574
3 568 572 573
3 567 327 572
3 576 580 581
3 575 579 580
3 574 578 579
3 573 577 578
3 572 325 577
3 581 585 586
3 580 584 585
3 579 583 584
3 578 582 583
3 577 323 582
3 586 590 591
3 585 589 590
3 584 588 589
3 583 587 588
3 582 321 587
3 591 595 596
3 590 594 595
3 589 593 594
3 588 592 593
3 587 319 592
3 596 598 597
3 595 599 598
3 594 600 599
3 593 601 600
3 592 317 601
3 597 445 446
3 598 444 445
3 599 443 444
3 600 442 443
3 601 315 442
3 315 317 316
3 317 319 318
3 319 321 320
3 321 323 322
3 323 325 324
3 325 327 326
3 327 329 328
3 329 331 330
3 331 333 332
3 333 335 334
3 335 337 336
3 337 339 338
3 339 341 340
3 341 343 342
3 343 345 344
3 345 347 346
3 347 349 348
3 349 351 350
3 351 353 352
3 353 355 354
3 355 357 356
3 357 359 358
3 359 361 360
3 361 363 362
3 363 365 364
3 365 367 366
3 367 369 368
3 369 371 370
3 371 373 372
3 373 375 374
3 375 377 376
3 377 315 314
3 376 314 316
3 316 318 320
3 320 322 324
3 324 326 328
3 328 330 332
3 332 334 336
3 336 338 340
3 340 342 344
3 344 346 348
3 348 350 352
3 352 354 356
3 356 358 360
3 360 362 364
3 364 366 368
3 368 370 372
3 372 374 376
3 376 316 328
3 316 320 328
3 320 324 328
3 328 332 344
3 332 336 344
3 336 340 344
3 344 348 360
3 348 352 360
3 352 356 360
3 360 364 376
3 364 368 376
3 368 372 376
3 376 328 344
3 379 381 380
3 381 383 382
3 383 385 384
3 385 387 386
3 387 389 388
3 389 391 390
3 391 393 392
3 393 395 394
3 395 397 396
3 397 399 398
3 399 401 400
3 401 403 402
3 403 405 404
3 405 407 406
3 407 409 408
3 409 411 410
3 411 413 412
3 413 415 414
3 415 417 416
3 417 419 418
3 419 421 420
3 421 423 422
3 423 425 424
3 425 427 426
3 427 429 428
3 429 431 430
3 431 433 432
3 433 435 434
3 435 437 436
3 437 439 438
3 439 441 440
3 441 379 378
3 440 378 410
3 378 380 408
3 380 382 408
3 382 384 406
3 408 382 406
3 384 386 402
3 386 388 400
3 388 390 400
3 390 392 398
3 400 390 398
3 392 394 396
3 396 398 392
3 400 402 386
3 402 404 384
3 404 406 384
3 408 410 378
3 410 412 440
3 412 414 440
3 414 416 438
3 440 414 438
3 416 418 434
3 418 420 432
3 420 422 432
3 422 424 430
3 432 422 430
3 424 426 428
3 428 430 424
3 432 434 418
3 434 436 416
3 409 407 596
3 407 405 591
3 403 586 591
3 401 581 586
3 399 576 581
3 397 571 576
3 395 566 571
3 393 561 566
3 391 556 561
3 389 551 556
3 387 546 551
3 385 541 546
3 383 536 541
3 381 531 536
3 379 526 531
3 379 441 521
3 441 439 516
3 439 437 511
3 437 435 506
3 435 433 501
3 433 431 496
3 431 429 491
3 429 427 486
3 427 425 481
3 425 423 476
3 423 421 471
3 421 419 466
3 419 417 461
3 415 456 461
3 413 451 456
3 411 446 451
3 411 409 597
3 451 446 445
3 450 445 444
3 449 444 443
3 448 443 442
3 447 442 315
3 456 451 450
3 455 450 449
3 454 449 448
3 453 448 447
3 452 447 377
3 461 456 455
3 460 455 454
3 459 454 453
3 458 453 452
3 457 452 375
3 466 461 460
3 465 460 459
3 464 459 458
3 463 458 457
3 462 457 373
3 471 466 465
3 470 465 464
3 469 464 463
3 468 463 462
3 467 462 371
3 476 471 470
3 475 470 469
3 474 469 468
3 473 468 467
3 472 467 369
3 481 476 475
3 480 475 474
3 479 474 473
3 478 473 472
3 477 472 367
3 486 481 480
3 485 480 479
3 484 479 478
3 483 478 477
3 482 477 365
3 491 486 485
3 490 485 484
3 489 484 483
3 488 483 482
3 487 482 363
3 496 491 490
3 495 490 489
3 494 489 488
3 493 488 487
3 492 487 361
3 501 496 495
3 500 495 494
3 499 494 493
3 498 493 492
3 497 492 359
3 506 501 500
3 505 500 499
3 504 499 498
3 503 498 497
3 502 497 357
3 511 506 505
3 510 505 504
3 509 504 503
3 508 503 502
3 507 502 355
3 516 511 510
3 515 510 509
3 514 509 508
3 513 508 507
3 512 507 353
3 521 516 515
3 520 515 514
3 519 514 513
3 518 513 512
3 517 512 351
3 526 521 520
3 525 520 519
3 524 519 518
3 523 518 517
3 522 517 349
3 526 525 530
3 525 524 529
3 524 523 528
3 523 522 527
3 522 347 345
3 531 530 535
3 530 529 534
3 529 528 533
3 528 527 532
3 527 345 343
3 536 535 540
3 535 534 539
3 534 533 538
3 533 532 537
3 532 343 341
3 541 540 545
3 540 539 544
3 539 538 543
3 538 537 542
3 537 341 339
3 546 545 550
3 545 544 549
3 544 543 548
3 543 542 547
3 542 339 337
3 551 550 555
3 550 549 554
3 549 548 553
3 548 547 552
3 547 337 335
3 556 555 560
3 555 554 559
3 554 553 558
3 553 552 557
3 552 335 333
3 561 560 565
3 560 559 564
3 559 558 563
3 558 557 562
3 557 333 331
3 566 565 570
3 565 564 569
3 564 563 568
3 563 562 567
3 562 331 329
3 571 570 575
3 570 569 574
3 569 568 573
3 568 567 572
3 567 329 327
3 576 575 580
3 575 574 579
3 574 573 578
3 573 572 577
3 572 327 325
3 581 580 585
3 580 579 584
3 579 578 583
3 578 577 582
3 577 325 323
3 586 585 590
3 585 584 589
3 584 583 588
3 583 582 587
3 582 323 321
3 591 590 595
3 590 589 594
3 589 588 593
3 588 587 592
3 587 321 319
3 596 595 598
3 595 594 599
3 594 593 600
3 593 592 601
3 592 319 317
3 597 598 445
3 598 599 444
3 599 600 443
3 600 601 442
3 601 317 315
3 606 604 602
3 604 609 605
3 608 607 609
3 603 609 607
3 602 605 603
3 606 603 607
3 606 608 604
3 604 608 609
3 608 606 607
3 603 605 609
3 602 604 605
3 606 602 603
3 611 612 610
3 611 616 613
3 618 615 617
3 616 618 617
3 615 610 612
3 617 612 616
3 619 611 610
3 611 613 612
3 611 619 616
3 618 614 615
3 616 619 618
3 615 614 610
3 615 612 617
3 612 613 616
3 610 614 618
3 618 619 610
3 620 633 621
3 621 634 622
3 622 635 623
3 623 636 624
3 624 637 625
3 625 638 626
3 638 627 626
3 639 628 627
3 640 629 628
3 641 630 629
3 642 631 630
3 643 620 631
3 644 633 632
3 645 634 633
3 646 635 634
3 647 636 635
3 636 649 637
3 649 638 637
3 650 639 638
3 651 640 639
3 640 653 641
3 641 654 642
3 642 655 643
3 655 632 643
3 644 657 645
3 657 646 645
3 658 647 646
3 647 660 648
3 648 661 649
3 649 662 650
3 662 651 650
3 663 652 651
3 652 665 653
3 653 666 654
3 654 667 655
3 667 644 655
3 656 669 657
3 657 670 658
3 658 671 659
3 671 660 659
3 660 673 661
3 673 662 661
3 674 663 662
3 675 664 663
3 664 677 665
3 677 666 665
3 678 667 666
3 679 656 667
3 680 669 668
3 669 682 670
3 682 671 670
3 683 672 671
3 672 685 673
3 685 674 673
3 686 675 674
3 687 676 675
3 688 677 676
3 689 678 677
3 690 679 678
3 679 680 668
3 692 681 680
3 693 682 681
3 694 683 682
3 695 684 683
3 696 685 684
3 697 686 685
3 686 699 687
3 699 688 687
3 700 689 688
3 701 690 689
3 690 703 691
3 703 680 691
3 704 693 692
3 693 706 694
3 706 695 694
3 707 696 695
3 696 709 697
3 709 698 697
3 710 699 698
3 711 700 699
3 700 713 701
3 701 714 702
3 714 703 702
3 715 692 703
3 716 705 704
3 705 718 706
3 706 719 707
3 719 708 707
3 708 721 709
3 721 710 709
3 722 711 710
3 723 712 711
3 724 713 712
3 725 714 713
3 726 715 714
3 727 704 715
3 716 729 717
3 729 718 717
3 730 719 718
3 731 720 719
3 732 721 720
3 733 722 721
3 734 723 722
3 735 724 723
3 724 737 725
3 725 738 726
3 738 727 726
3 739 716 727
3 740 729 728
3 741 730 729
3 742 731 730
3 743 732 731
3 732 745 733
3 745 734 733
3 746 735 734
3 747 736 735
3 748 737 736
3 749 738 737
3 750 739 738
3 751 728 739
3 752 741 740
3 753 742 741
3 742 755 743
3 755 744 743
3 756 745 744
3 757 746 745
3 746 759 747
3 759 748 747
3 748 761 749
3 761 750 749
3 762 751 750
3 763 740 751
3 764 753 752
3 765 754 753
3 766 755 754
3 767 756 755
3 768 757 756
3 769 758 757
3 758 771 759
3 759 772 760
3 760 773 761
3 761 774 762
3 762 775 763
3 763 764 752
3 776 765 764
3 777 766 765
3 778 767 766
3 767 780 768
3 780 769 768
3 781 770 769
3 782 771 770
3 783 772 771
3 784 773 772
3 773 786 774
3 786 775 774
3 775 776 764
3 788 777 776
3 777 790 778
3 790 779 778
3 779 792 780
3 780 793 781
3 793 782 781
3 782 795 783
3 795 784 783
3 796 785 784
3 785 798 786
3 798 787 786
3 799 776 787
3 800 789 788
3 789 802 790
3 802 791 790
3 803 792 791
3 792 805 793
3 805 794 793
3 794 807 795
3 807 796 795
3 796 809 797
3 797 810 798
3 810 799 798
3 799 800 788
3 812 801 800
3 813 802 801
3 814 803 802
3 803 816 804
3 816 805 804
3 805 818 806
3 818 807 806
3 807 820 808
3 820 809 808
3 821 810 809
3 810 823 811
3 823 800 811
3 824 813 812
3 825 814 813
3 826 815 814
3 827 816 815
3 816 829 817
3 817 830 818
3 830 819 818
3 819 832 820
3 832 821 820
3 821 834 822
3 822 835 823
3 835 812 823
3 824 837 825
3 825 838 826
3 838 827 826
3 827 840 828
3 840 829 828
3 841 830 829
3 830 843 831
3 843 832 831
3 844 833 832
3 833 846 834
3 846 835 834
3 847 824 835
3 848 837 836
3 849 838 837
3 850 839 838
3 851 840 839
3 840 853 841
3 853 842 841
3 842 855 843
3 855 844 843
3 844 857 845
3 857 846 845
3 846 859 847
3 847 848 836
3 860 849 848
3 861 850 849
3 850 863 851
3 863 852 851
3 864 853 852
3 853 866 854
3 866 855 854
3 867 856 855
3 856 869 857
3 869 858 857
3 870 859 858
3 859 860 848
3 860 873 861
3 873 862 861
3 862 875 863
3 863 876 864
3 876 865 864
3 877 866 865
3 866 879 867
3 867 880 868
3 880 869 868
3 881 870 869
3 870 883 871
3 883 860 871
3 872 885 873
3 885 874 873
3 886 875 874
3 875 888 876
3 876 889 877
3 889 878 877
3 878 891 879
3 891 880 879
3 892 881 880
3 881 894 882
3 882 895 883
3 895 872 883
3 884 897 885
3 897 886 885
3 898 887 886
3 899 888 887
3 888 901 889
3 901 890 889
3 902 891 890
3 903 892 891
3 892 905 893
3 893 906 894
3 894 907 895
3 907 884 895
3 896 906 902
3 909 911 913
3 908 921 909
3 909 922 910
3 922 911 910
3 923 912 911
3 912 925 913
3 925 914 913
3 914 927 915
3 927 916 915
3 916 929 917
3 917 930 918
3 930 919 918
3 931 908 919
3 932 921 920
3 921 934 922
3 922 935 923
3 935 924 923
3 924 937 925
3 937 926 925
3 938 927 926
3 939 928 927
3 928 941 929
3 941 930 929
3 942 931 930
3 931 932 920
3 932 945 933
3 945 934 933
3 934 947 935
3 935 948 936
3 936 949 937
3 937 950 938
3 950 939 938
3 951 940 939
3 952 941 940
3 953 942 941
3 942 955 943
3 955 932 943
3 956 945 944
3 957 946 945
3 958 947 946
3 959 948 947
3 960 949 948
3 949 962 950
3 962 951 950
3 963 952 951
3 952 965 953
3 953 966 954
3 954 967 955
3 967 944 955
3 956 969 957
3 969 958 957
3 970 959 958
3 971 960 959
3 972 961 960
3 973 962 961
3 962 975 963
3 975 964 963
3 976 965 964
3 977 966 965
3 966 979 967
3 979 956 967
3 968 981 969
3 981 970 969
3 970 983 971
3 971 984 972
3 984 973 972
3 973 986 974
3 986 975 974
3 975 988 976
3 988 977 976
3 989 978 977
3 978 991 979
3 991 968 979
3 980 993 981
3 981 994 982
3 994 983 982
3 995 984 983
3 984 997 985
3 997 986 985
3 986 999 987
3 999 988 987
3 988 1001 989
3 1001 990 989
3 1002 991 990
3 1003 980 991
3 992 1005 993
3 1005 994 993
3 994 1007 995
3 995 1008 996
3 1008 997 996
3 1009 998 997
3 1010 999 998
3 999 1012 1000
3 1012 1001 1000
3 1013 1002 1001
3 1002 1015 1003
3 1015 992 1003
3 1016 1005 1004
3 1017 1006 1005
3 1018 1007 1006
3 1019 1008 1007
3 1020 1009 1008
3 1009 1022 1010
3 1022 1011 1010
3 1011 1024 1012
3 1024 1013 1012
3 1025 1014 1013
3 1026 1015 1014
3 1027 1004 1015
3 1016 1029 1017
3 1017 1030 1018
3 1030 1019 1018
3 1019 1032 1020
3 1032 1021 1020
3 1021 1034 1022
3 1034 1023 1022
3 1023 1036 1024
3 1036 1025 1024
3 1025 1038 1026
3 1038 1027 1026
3 1039 1016 1027
3 620 1029 1028
3 621 1030 1029
3 622 1031 1030
3 1031 624 1032
3 624 1033 1032
3 625 1034 1033
3 626 1035 1034
3 627 1036 1035
3 628 1037 1036
3 629 1038 1037
3 630 1039 1038
3 1039 620 1028
3 620 632 633
3 621 633 634
3 622 634 635
3 623 635 636
3 624 636 637
3 625 637 638
3 638 639 627
3 639 640 628
3 640 641 629
3 641 642 630
3 642 643 631
3 643 632 620
3 644 645 633
3 645 646 634
3 646 647 635
3 647 648 636
3 636 648 649
3 649 650 638
3 650 651 639
3 651 652 640
3 640 652 653
3 641 653 654
3 642 654 655
3 655 644 632
3 644 656 657
3 657 658 646
3 658 659 647
3 647 659 660
3 648 660 661
3 649 661 662
3 662 663 651
3 663 664 652
3 652 664 665
3 653 665 666
3 654 666 667
3 667 656 644
3 656 668 669
3 657 669 670
3 658 670 671
3 671 672 660
3 660 672 673
3 673 674 662
3 674 675 663
3 675 676 664
3 664 676 677
3 677 678 666
3 678 679 667
3 679 668 656
3 680 681 669
3 669 681 682
3 682 683 671
3 683 684 672
3 672 684 685
3 685 686 674
3 686 687 675
3 687 688 676
3 688 689 677
3 689 690 678
3 690 691 679
3 679 691 680
3 692 693 681
3 693 694 682
3 694 695 683
3 695 696 684
3 696 697 685
3 697 698 686
3 686 698 699
3 699 700 688
3 700 701 689
3 701 702 690
3 690 702 703
3 703 692 680
3 704 705 693
3 693 705 706
3 706 707 695
3 707 708 696
3 696 708 709
3 709 710 698
3 710 711 699
3 711 712 700
3 700 712 713
3 701 713 714
3 714 715 703
3 715 704 692
3 716 717 705
3 705 717 718
3 706 718 719
3 719 720 708
3 708 720 721
3 721 722 710
3 722 723 711
3 723 724 712
3 724 725 713
3 725 726 714
3 726 727 715
3 727 716 704
3 716 728 729
3 729 730 718
3 730 731 719
3 731 732 720
3 732 733 721
3 733 734 722
3 734 735 723
3 735 736 724
3 724 736 737
3 725 737 738
3 738 739 727
3 739 728 716
3 740 741 729
3 741 742 730
3 742 743 731
3 743 744 732
3 732 744 745
3 745 746 734
3 746 747 735
3 747 748 736
3 748 749 737
3 749 750 738
3 750 751 739
3 751 740 728
3 752 753 741
3 753 754 742
3 742 754 755
3 755 756 744
3 756 757 745
3 757 758 746
3 746 758 759
3 759 760 748
3 748 760 761
3 761 762 750
3 762 763 751
3 763 752 740
3 764 765 753
3 765 766 754
3 766 767 755
3 767 768 756
3 768 769 757
3 769 770 758
3 758 770 771
3 759 771 772
3 760 772 773
3 761 773 774
3 762 774 775
3 763 775 764
3 776 777 765
3 777 778 766
3 778 779 767
3 767 779 780
3 780 781 769
3 781 782 770
3 782 783 771
3 783 784 772
3 784 785 773
3 773 785 786
3 786 787 775
3 775 787 776
3 788 789 777
3 777 789 790
3 790 791 779
3 779 791 792
3 780 792 793
3 793 794 782
3 782 794 795
3 795 796 784
3 796 797 785
3 785 797 798
3 798 799 787
3 799 788 776
3 800 801 789
3 789 801 802
3 802 803 791
3 803 804 792
3 792 804 805
3 805 806 794
3 794 806 807
3 807 808 796
3 796 808 809
3 797 809 810
3 810 811 799
3 799 811 800
3 812 813 801
3 813 814 802
3 814 815 803
3 803 815 816
3 816 817 805
3 805 817 818
3 818 819 807
3 807 819 820
3 820 821 809
3 821 822 810
3 810 822 823
3 823 812 800
3 824 825 813
3 825 826 814
3 826 827 815
3 827 828 816
3 816 828 829
3 817 829 830
3 830 831 819
3 819 831 832
3 832 833 821
3 821 833 834
3 822 834 835
3 835 824 812
3 824 836 837
3 825 837 838
3 838 839 827
3 827 839 840
3 840 841 829
3 841 842 830
3 830 842 843
3 843 844 832
3 844 845 833
3 833 845 846
3 846 847 835
3 847 836 824
3 848 849 837
3 849 850 838
3 850 851 839
3 851 852 840
3 840 852 853
3 853 854 842
3 842 854 855
3 855 856 844
3 844 856 857
3 857 858 846
3 846 858 859
3 847 859 848
3 860 861 849
3 861 862 850
3 850 862 863
3 863 864 852
3 864 865 853
3 853 865 866
3 866 867 855
3 867 868 856
3 856 868 869
3 869 870 858
3 870 871 859
3 859 871 860
3 860 872 873
3 873 874 862
3 862 874 875
3 863 875 876
3 876 877 865
3 877 878 866
3 866 878 879
3 867 879 880
3 880 881 869
3 881 882 870
3 870 882 883
3 883 872 860
3 872 884 885
3 885 886 874
3 886 887 875
3 875 887 888
3 876 888 889
3 889 890 878
3 878 890 891
3 891 892 880
3 892 893 881
3 881 893 894
3 882 894 895
3 895 884 872
3 884 896 897
3 897 898 886
3 898 899 887
3 899 900 888
3 888 900 901
3 901 902 890
3 902 903 891
3 903 904 892
3 892 904 905
3 893 905 906
3 894 906 907
3 907 896 884
3 898 897 896
3 896 907 906
3 906 905 904
3 904 903 906
3 903 902 906
3 902 901 898
3 901 900 898
3 900 899 898
3 898 896 902
3 913 914 915
3 915 916 917
3 917 918 919
3 919 908 909
3 909 910 911
3 911 912 913
3 913 915 909
3 915 917 909
3 917 919 909
3 908 920 921
3 909 921 922
3 922 923 911
3 923 924 912
3 912 924 925
3 925 926 914
3 914 926 927
3 927 928 916
3 916 928 929
3 917 929 930
3 930 931 919
3 931 920 908
3 932 933 921
3 921 933 934
3 922 934 935
3 935 936 924
3 924 936 937
3 937 938 926
3 938 939 927
3 939 940 928
3 928 940 941
3 941 942 930
3 942 943 931
3 931 943 932
3 932 944 945
3 945 946 934
3 934 946 947
3 935 947 948
3 936 948 949
3 937 949 950
3 950 951 939
3 951 952 940
3 952 953 941
3 953 954 942
3 942 954 955
3 955 944 932
3 956 957 945
3 957 958 946
3 958 959 947
3 959 960 948
3 960 961 949
3 949 961 962
3 962 963 951
3 963 964 952
3 952 964 965
3 953 965 966
3 954 966 967
3 967 956 944
3 956 968 969
3 969 970 958
3 970 971 959
3 971 972 960
3 972 973 961
3 973 974 962
3 962 974 975
3 975 976 964
3 976 977 965
3 977 978 966
3 966 978 979
3 979 968 956
3 968 980 981
3 981 982 970
3 970 982 983
3 971 983 984
3 984 985 973
3 973 985 986
3 986 987 975
3 975 987 988
3 988 989 977
3 989 990 978
3 978 990 991
3 991 980 968
3 980 992 993
3 981 993 994
3 994 995 983
3 995 996 984
3 984 996 997
3 997 998 986
3 986 998 999
3 999 1000 988
3 988 1000 1001
3 1001 1002 990
3 1002 1003 991
3 1003 992 980
3 992 1004 1005
3 1005 1006 994
3 994 1006 1007
3 995 1007 1008
3 1008 1009 997
3 1009 1010 998
3 1010 1011 999
3 999 1011 1012
3 1012 1013 1001
3 1013 1014 1002
3 1002 1014 1015
3 1015 1004 992
3 1016 1017 1005
3 1017 1018 1006
3 1018 1019 1007
3 1019 1020 1008
3 1020 1021 1009
3 1009 1021 1022
3 1022 1023 1011
3 1011 1023 1024
3 1024 1025 1013
3 1025 1026 1014
3 1026 1027 1015
3 1027 1016 1004
3 1016 1028 1029
3 1017 1029 1030
3 1030 1031 1019
3 1019 1031 1032
3 1032 1033 1021
3 1021 1033 1034
3 1034 1035 1023
3 1023 1035 1036
3 1036 1037 1025
3 1025 1037 1038
3 1038 1039 1027
3 1039 1028 1016
3 620 621 1029
3 621 622 1030
3 622 623 1031
3 1031 623 624
3 624 625 1033
3 625 626 1034
3 626 627 1035
3 627 628 1036
3 628 629 1037
3 629 630 1038
3 630 631 1039
3 1039 631 620
3 1041 1042 1040
3 1043 1046 1042
3 1047 1044 1046
3 1045 1040 1044
3 1046 1040 1042
3 1043 1045 1047
3 1041 1043 1042
3 1043 1047 1046
3 1047 1045 1044
3 1045 1041 1040
3 1046 1044 1040
3 1043 1041 1045
3 1049 1050 1048
3 1049 1054 1051
3 1056 1053 1055
3 1054 1056 1055
3 1053 1048 1050
3 1055 1050 1054
3 1057 1049 1048
3 1049 1051 1050
3 1049 1057 1054
3 1056 1052 1053
3 1054 1057 1056
3 1053 1052 1048
3 1053 1050 1055
3 1050 1051 1054
3 1048 1052 1056
3 1056 1057 1048
3 1059 1060 1058
3 1061 1064 1060
3 1065 1062 1064
3 1062 1059 1058
3 1064 1058 1060
3 1061 1063 1065
3 1059 1061 1060
3 1061 1065 1064
3 1065 1063 1062
3 1062 1063 1059
3 1064 1062 1058
3 1061 1059 1063
3 1066 1079 1067
3 1067 1080 1068
3 1068 1081 1069
3 1069 1082 1070
3 1070 1083 1071
3 1071 1084 1072
3 1084 1073 1072
3 1085 1074 1073
3 1086 1075 1074
3 1087 1076 1075
3 1088 1077 1076
3 1089 1066 1077
3 1090 1079 1078
3 1091 1080 1079
3 1092 1081 1080
3 1093 1082 1081
3 1082 1095 1083
3 1095 1084 1083
3 1096 1085 1084
3 1097 1086 1085
3 1086 1099 1087
3 1087 1100 1088
3 1088 1101 1089
3 1101 1078 1089
3 1090 1103 1091
3 1103 1092 1091
3 1104 1093 1092
3 1093 1106 1094
3 1094 1107 1095
3 1095 1108 1096
3 1108 1097 1096
3 1109 1098 1097
3 1098 1111 1099
3 1099 1112 1100
3 1100 1113 1101
3 1113 1090 1101
3 1102 1115 1103
3 1103 1116 1104
3 1104 1117 1105
3 1117 1106 1105
3 1106 1119 1107
3 1119 1108 1107
3 1120 1109 1108
3 1121 1110 1109
3 1110 1123 1111
3 1123 1112 1111
3 1124 1113 1112
3 1125 1102 1113
3 1126 1115 1114
3 1115 1128 1116
3 1128 1117 1116
3 1129 1118 1117
3 1118 1131 1119
3 1131 1120 1119
3 1132 1121 1120
3 1133 1122 1121
3 1134 1123 1122
3 1135 1124 1123
3 1136 1125 1124
3 1125 1126 1114
3 1138 1127 1126
3 1139 1128 1127
3 1140 1129 1128
3 1141 1130 1129
3 1142 1131 1130
3 1143 1132 1131
3 1132 1145 1133
3 1145 1134 1133
3 1146 1135 1134
3 1147 1136 1135
3 1136 1149 1137
3 1149 1126 1137
3 1150 1139 1138
3 1139 1152 1140
3 1152 1141 1140
3 1153 1142 1141
3 1142 1155 1143
3 1155 1144 1143
3 1156 1145 1144
3 1157 1146 1145
3 1146 1159 1147
3 1147 1160 1148
3 1160 1149 1148
3 1161 1138 1149
3 1162 1151 1150
3 1151 1164 1152
3 1152 1165 1153
3 1165 1154 1153
3 1154 1167 1155
3 1167 1156 1155
3 1168 1157 1156
3 1169 1158 1157
3 1170 1159 1158
3 1171 1160 1159
3 1172 1161 1160
3 1173 1150 1161
3 1162 1175 1163
3 1175 1164 1163
3 1176 1165 1164
3 1177 1166 1165
3 1178 1167 1166
3 1179 1168 1167
3 1180 1169 1168
3 1181 1170 1169
3 1170 1183 1171
3 1171 1184 1172
3 1184 1173 1172
3 1185 1162 1173
3 1186 1175 1174
3 1187 1176 1175
3 1188 1177 1176
3 1189 1178 1177
3 1178 1191 1179
3 1191 1180 1179
3 1192 1181 1180
3 1193 1182 1181
3 1194 1183 1182
3 1195 1184 1183
3 1196 1185 1184
3 1197 1174 1185
3 1198 1187 1186
3 1199 1188 1187
3 1188 1201 1189
3 1201 1190 1189
3 1202 1191 1190
3 1203 1192 1191
3 1192 1205 1193
3 1205 1194 1193
3 1194 1207 1195
3 1207 1196 1195
3 1208 1197 1196
3 1209 1186 1197
3 1210 1199 1198
3 1211 1200 1199
3 1212 1201 1200
3 1213 1202 1201
3 1214 1203 1202
3 1215 1204 1203
3 1204 1217 1205
3 1205 1218 1206
3 1206 1219 1207
3 1207 1220 1208
3 1208 1221 1209
3 1209 1210 1198
3 1222 1211 1210
3 1223 1212 1211
3 1224 1213 1212
3 1213 1226 1214
3 1226 1215 1214
3 1227 1216 1215
3 1228 1217 1216
3 1229 1218 1217
3 1230 1219 1218
3 1219 1232 1220
3 1232 1221 1220
3 1221 1222 1210
3 1234 1223 1222
3 1223 1236 1224
3 1236 1225 1224
3 1225 1238 1226
3 1226 1239 1227
3 1239 1228 1227
3 1228 1241 1229
3 1241 1230 1229
3 1242 1231 1230
3 1231 1244 1232
3 1244 1233 1232
3 1245 1222 1233
3 1246 1235 1234
3 1235 1248 1236
3 1248 1237 1236
3 1249 1238 1237
3 1238 1251 1239
3 1251 1240 1239
3 1240 1253 1241
3 1253 1242 1241
3 1242 1255 1243
3 1243 1256 1244
3 1256 1245 1244
3 1245 1246 1234
3 1258 1247 1246
3 1259 1248 1247
3 1260 1249 1248
3 1249 1262 1250
3 1262 1251 1250
3 1251 1264 1252
3 1264 1253 1252
3 1253 1266 1254
3 1266 1255 1254
3 1267 1256 1255
3 1256 1269 1257
3 1269 1246 1257
3 1270 1259 1258
3 1271 1260 1259
3 1272 1261 1260
3 1273 1262 1261
3 1262 1275 1263
3 1263 1276 1264
3 1276 1265 1264
3 1265 1278 1266
3 1278 1267 1266
3 1267 1280 1268
3 1268 1281 1269
3 1281 1258 1269
3 1270 1283 1271
3 1271 1284 1272
3 1284 1273 1272
3 1273 1286 1274
3 1286 1275 1274
3 1287 1276 1275
3 1276 1289 1277
3 1289 1278 1277
3 1290 1279 1278
3 1279 1292 1280
3 1292 1281 1280
3 1293 1270 1281
3 1294 1283 1282
3 1295 1284 1283
3 1296 1285 1284
3 1297 1286 1285
3 1286 1299 1287
3 1299 1288 1287
3 1288 1301 1289
3 1301 1290 1289
3 1290 1303 1291
3 1303 1292 1291
3 1292 1305 1293
3 1293 1294 1282
3 1306 1295 1294
3 1307 1296 1295
3 1296 1309 1297
3 1309 1298 1297
3 1310 1299 1298
3 1299 1312 1300
3 1312 1301 1300
3 1313 1302 1301
3 1302 1315 1303
3 1315 1304 1303
3 1316 1305 1304
3 1305 1306 1294
3 1306 1319 1307
3 1319 1308 1307
3 1308 1321 1309
3 1309 1322 1310
3 1322 1311 1310
3 1323 1312 1311
3 1312 1325 1313
3 1313 1326 1314
3 1326 1315 1314
3 1327 1316 1315
3 1316 1329 1317
3 1329 1306 1317
3 1318 1331 1319
3 1331 1320 1319
3 1332 1321 1320
3 1321 1334 1322
3 1322 1335 1323
3 1335 1324 1323
3 1324 1337 1325
3 1337 1326 1325
3 1338 1327 1326
3 1327 1340 1328
3 1328 1341 1329
3 1341 1318 1329
3 1330 1343 1331
3 1343 1332 1331
3 1344 1333 1332
3 1345 1334 1333
3 1334 1347 1335
3 1347 1336 1335
3 1348 1337 1336
3 1349 1338 1337
3 1338 1351 1339
3 1339 1352 1340
3 1340 1353 1341
3 1353 1330 1341
3 1342 1352 1348
3 1355 1357 1359
3 1354 1367 1355
3 1355 1368 1356
3 1368 1357 1356
3 1369 1358 1357
3 1358 1371 1359
3 1371 1360 1359
3 1360 1373 1361
3 1373 1362 1361
3 1362 1375 1363
3 1363 1376 1364
3 1376 1365 1364
3 1377 1354 1365
3 1378 1367 1366
3 1367 1380 1368
3 1368 1381 1369
3 1381 1370 1369
3 1370 1383 1371
3 1383 1372 1371
3 1384 1373 1372
3 1385 1374 1373
3 1374 1387 1375
3 1387 1376 1375
3 1388 1377 1376
3 1377 1378 1366
3 1378 1391 1379
3 1391 1380 1379
3 1380 1393 1381
3 1381 1394 1382
3 1382 1395 1383
3 1383 1396 1384
3 1396 1385 1384
3 1397 1386 1385
3 1398 1387 1386
3 1399 1388 1387
3 1388 1401 1389
3 1401 1378 1389
3 1402 1391 1390
3 1403 1392 1391
3 1404 1393 1392
3 1405 1394 1393
3 1406 1395 1394
3 1395 1408 1396
3 1408 1397 1396
3 1409 1398 1397
3 1398 1411 1399
3 1399 1412 1400
3 1400 1413 1401
3 1413 1390 1401
3 1402 1415 1403
3 1415 1404 1403
3 1416 1405 1404
3 1417 1406 1405
3 1418 1407 1406
3 1419 1408 1407
3 1408 1421 1409
3 1421 1410 1409
3 1422 1411 1410
3 1423 1412 1411
3 1412 1425 1413
3 1425 1402 1413
3 1414 1427 1415
3 1427 1416 1415
3 1416 1429 1417
3 1417 1430 1418
3 1430 1419 1418
3 1419 1432 1420
3 1432 1421 1420
3 1421 1434 1422
3 1434 1423 1422
3 1435 1424 1423
3 1424 1437 1425
3 1437 1414 1425
3 1426 1439 1427
3 1427 1440 1428
3 1440 1429 1428
3 1441 1430 1429
3 1430 1443 1431
3 1443 1432 1431
3 1432 1445 1433
3 1445 1434 1433
3 1434 1447 1435
3 1447 1436 1435
3 1448 1437 1436
3 1449 1426 1437
3 1438 1451 1439
3 1451 1440 1439
3 1440 1453 1441
3 1441 1454 1442
3 1454 1443 1442
3 1455 1444 1443
3 1456 1445 1444
3 1445 1458 1446
3 1458 1447 1446
3 1459 1448 1447
3 1448 1461 1449
3 1461 1438 1449
3 1462 1451 1450
3 1463 1452 1451
3 1464 1453 1452
3 1465 1454 1453
3 1466 1455 1454
3 1455 1468 1456
3 1468 1457 1456
3 1457 1470 1458
3 1470 1459 1458
3 1471 1460 1459
3 1472 1461 1460
3 1473 1450 1461
3 1462 1475 1463
3 1463 1476 1464
3 1476 1465 1464
3 1465 1478 1466
3 1478 1467 1466
3 1467 1480 1468
3 1480 1469 1468
3 1469 1482 1470
3 1482 1471 1470
3 1471 1484 1472
3 1484 1473 1472
3 1485 1462 1473
3 1066 1475 1474
3 1067 1476 1475
3 1068 1477 1476
3 1477 1070 1478
3 1070 1479 1478
3 1071 1480 1479
3 1072 1481 1480
3 1073 1482 1481
3 1074 1483 1482
3 1075 1484 1483
3 1076 1485 1484
3 1485 1066 1474
3 1066 1078 1079
3 1067 1079 1080
3 1068 1080 1081
3 1069 1081 1082
3 1070 1082 1083
3 1071 1083 1084
3 1084 1085 1073
3 1085 1086 1074
3 1086 1087 1075
3 1087 1088 1076
3 1088 1089 1077
3 1089 1078 1066
3 1090 1091 1079
3 1091 1092 1080
3 1092 1093 1081
3 1093 1094 1082
3 1082 1094 1095
3 1095 1096 1084
3 1096 1097 1085
3 1097 1098 1086
3 1086 1098 1099
3 1087 1099 1100
3 1088 1100 1101
3 1101 1090 1078
3 1090 1102 1103
3 1103 1104 1092
3 1104 1105 1093
3 1093 1105 1106
3 1094 1106 1107
3 1095 1107 1108
3 1108 1109 1097
3 1109 1110 1098
3 1098 1110 1111
3 1099 1111 1112
3 1100 1112 1113
3 1113 1102 1090
3 1102 1114 1115
3 1103 1115 1116
3 1104 1116 1117
3 1117 1118 1106
3 1106 1118 1119
3 1119 1120 1108
3 1120 1121 1109
3 1121 1122 1110
3 1110 1122 1123
3 1123 1124 1112
3 1124 1125 1113
3 1125 1114 1102
3 1126 1127 1115
3 1115 1127 1128
3 1128 1129 1117
3 1129 1130 1118
3 1118 1130 1131
3 1131 1132 1120
3 1132 1133 1121
3 1133 1134 1122
3 1134 1135 1123
3 1135 1136 1124
3 1136 1137 1125
3 1125 1137 1126
3 1138 1139 1127
3 1139 1140 1128
3 1140 1141 1129
3 1141 1142 1130
3 1142 1143 1131
3 1143 1144 1132
3 1132 1144 1145
3 1145 1146 1134
3 1146 1147 1135
3 1147 1148 1136
3 1136 1148 1149
3 1149 1138 1126
3 1150 1151 1139
3 1139 1151 1152
3 1152 1153 1141
3 1153 1154 1142
3 1142 1154 1155
3 1155 1156 1144
3 1156 1157 1145
3 1157 1158 1146
3 1146 1158 1159
3 1147 1159 1160
3 1160 1161 1149
3 1161 1150 1138
3 1162 1163 1151
3 1151 1163 1164
3 1152 1164 1165
3 1165 1166 1154
3 1154 1166 1167
3 1167 1168 1156
3 1168 1169 1157
3 1169 1170 1158
3 1170 1171 1159
3 1171 1172 1160
3 1172 1173 1161
3 1173 1162 1150
3 1162 1174 1175
3 1175 1176 1164
3 1176 1177 1165
3 1177 1178 1166
3 1178 1179 1167
3 1179 1180 1168
3 1180 1181 1169
3 1181 1182 1170
3 1170 1182 1183
3 1171 1183 1184
3 1184 1185 1173
3 1185 1174 1162
3 1186 1187 1175
3 1187 1188 1176
3 1188 1189 1177
3 1189 1190 1178
3 1178 1190 1191
3 1191 1192 1180
3 1192 1193 1181
3 1193 1194 1182
3 1194 1195 1183
3 1195 1196 1184
3 1196 1197 1185
3 1197 1186 1174
3 1198 1199 1187
3 1199 1200 1188
3 1188 1200 1201
3 1201 1202 1190
3 1202 1203 1191
3 1203 1204 1192
3 1192 1204 1205
3 1205 1206 1194
3 1194 1206 1207
3 1207 1208 1196
3 1208 1209 1197
3 1209 1198 1186
3 1210 1211 1199
3 1211 1212 1200
3 1212 1213 1201
3 1213 1214 1202
3 1214 1215 1203
3 1215 1216 1204
3 1204 1216 1217
3 1205 1217 1218
3 1206 1218 1219
3 1207 1219 1220
3 1208 1220 1221
3 1209 1221 1210
3 1222 1223 1211
3 1223 1224 1212
3 1224 1225 1213
3 1213 1225 1226
3 1226 1227 1215
3 1227 1228 1216
3 1228 1229 1217
3 1229 1230 1218
3 1230 1231 1219
3 1219 1231 1232
3 1232 1233 1221
3 1221 1233 1222
3 1234 1235 1223
3 1223 1235 1236
3 1236 1237 1225
3 1225 1237 1238
3 1226 1238 1239
3 1239 1240 1228
3 1228 1240 1241
3 1241 1242 1230
3 1242 1243 1231
3 1231 1243 1244
3 1244 1245 1233
3 1245 1234 1222
3 1246 1247 1235
3 1235 1247 1248
3 1248 1249 1237
3 1249 1250 1238
3 1238 1250 1251
3 1251 1252 1240
3 1240 1252 1253
3 1253 1254 1242
3 1242 1254 1255
3 1243 1255 1256
3 1256 1257 1245
3 1245 1257 1246
3 1258 1259 1247
3 1259 1260 1248
3 1260 1261 1249
3 1249 1261 1262
3 1262 1263 1251
3 1251 1263 1264
3 1264 1265 1253
3 1253 1265 1266
3 1266 1267 1255
3 1267 1268 1256
3 1256 1268 1269
3 1269 1258 1246
3 1270 1271 1259
3 1271 1272 1260
3 1272 1273 1261
3 1273 1274 1262
3 1262 1274 1275
3 1263 1275 1276
3 1276 1277 1265
3 1265 1277 1278
3 1278 1279 1267
3 1267 1279 1280
3 1268 1280 1281
3 1281 1270 1258
3 1270 1282 1283
3 1271 1283 1284
3 1284 1285 1273
3 1273 1285 1286
3 1286 1287 1275
3 1287 1288 1276
3 1276 1288 1289
3 1289 1290 1278
3 1290 1291 1279
3 1279 1291 1292
3 1292 1293 1281
3 1293 1282 1270
3 1294 1295 1283
3 1295 1296 1284
3 1296 1297 1285
3 1297 1298 1286
3 1286 1298 1299
3 1299 1300 1288
3 1288 1300 1301
3 1301 1302 1290
3 1290 1302 1303
3 1303 1304 1292
3 1292 1304 1305
3 1293 1305 1294
3 1306 1307 1295
3 1307 1308 1296
3 1296 1308 1309
3 1309 1310 1298
3 1310 1311 1299
3 1299 1311 1312
3 1312 1313 1301
3 1313 1314 1302
3 1302 1314 1315
3 1315 1316 1304
3 1316 1317 1305
3 1305 1317 1306
3 1306 1318 1319
3 1319 1320 1308
3 1308 1320 1321
3 1309 1321 1322
3 1322 1323 1311
3 1323 1324 1312
3 1312 1324 1325
3 1313 1325 1326
3 1326 1327 1315
3 1327 1328 1316
3 1316 1328 1329
3 1329 1318 1306
3 1318 1330 1331
3 1331 1332 1320
3 1332 1333 1321
3 1321 1333 1334
3 1322 1334 1335
3 1335 1336 1324
3 1324 1336 1337
3 1337 1338 1326
3 1338 1339 1327
3 1327 1339 1340
3 1328 1340 1341
3 1341 1330 1318
3 1330 1342 1343
3 1343 1344 1332
3 1344 1345 1333
3 1345 1346 1334
3 1334 1346 1347
3 1347 1348 1336
3 1348 1349 1337
3 1349 1350 1338
3 1338 1350 1351
3 1339 1351 1352
3 1340 1352 1353
3 1353 1342 1330
3 1344 1343 1342
3 1342 1353 1352
3 1352 1351 1350
3 1350 1349 1352
3 1349 1348 1352
3 1348 1347 1344
3 1347 1346 1344
3 1346 1345 1344
3 1344 1342 1348
3 1359 1360 1361
3 1361 1362 1363
3 1363 1364 1365
3 1365 1354 1355
3 1355 1356 1357
3 1357 1358 1359
3 1359 1361 1355
3 1361 1363 1355
3 1363 1365 1355
3 1354 1366 1367
3 1355 1367 1368
3 1368 1369 1357
3 1369 1370 1358
3 1358 1370 1371
3 1371 1372 1360
3 1360 1372 1373
3 1373 1374 1362
3 1362 1374 1375
3 1363 1375 1376
3 1376 1377 1365
3 1377 1366 1354
3 1378 1379 1367
3 1367 1379 1380
3 1368 1380 1381
3 1381 1382 1370
3 1370 1382 1383
3 1383 1384 1372
3 1384 1385 1373
3 1385 1386 1374
3 1374 1386 1387
3 1387 1388 1376
3 1388 1389 1377
3 1377 1389 1378
3 1378 1390 1391
3 1391 1392 1380
3 1380 1392 1393
3 1381 1393 1394
3 1382 1394 1395
3 1383 1395 1396
3 1396 1397 1385
3 1397 1398 1386
3 1398 1399 1387
3 1399 1400 1388
3 1388 1400 1401
3 1401 1390 1378
3 1402 1403 1391
3 1403 1404 1392
3 1404 1405 1393
3 1405 1406 1394
3 1406 1407 1395
3 1395 1407 1408
3 1408 1409 1397
3 1409 1410 1398
3 1398 1410 1411
3 1399 1411 1412
3 1400 1412 1413
3 1413 1402 1390
3 1402 1414 1415
3 1415 1416 1404
3 1416 1417 1405
3 1417 1418 1406
3 1418 1419 1407
3 1419 1420 1408
3 1408 1420 1421
3 1421 1422 1410
3 1422 1423 1411
3 1423 1424 1412
3 1412 1424 1425
3 1425 1414 1402
3 1414 1426 1427
3 1427 1428 1416
3 1416 1428 1429
3 1417 1429 1430
3 1430 1431 1419
3 1419 1431 1432
3 1432 1433 1421
3 1421 1433 1434
3 1434 1435 1423
3 1435 1436 1424
3 1424 1436 1437
3 1437 1426 1414
3 1426 1438 1439
3 1427 1439 1440
3 1440 1441 1429
3 1441 1442 1430
3 1430 1442 1443
3 1443 1444 1432
3 1432 1444 1445
3 1445 1446 1434
3 1434 1446 1447
3 1447 1448 1436
3 1448 1449 1437
3 1449 1438 1426
3 1438 1450 1451
3 1451 1452 1440
3 1440 1452 1453
3 1441 1453 1454
3 1454 1455 1443
3 1455 1456 1444
3 1456 1457 1445
3 1445 1457 1458
3 1458 1459 1447
3 1459 1460 1448
3 1448 1460 1461
3 1461 1450 1438
3 1462 1463 1451
3 1463 1464 1452
3 1464 1465 1453
3 1465 1466 1454
3 1466 1467 1455
3 1455 1467 1468
3 1468 1469 1457
3 1457 1469 1470
3 1470 1471 1459
3 1471 1472 1460
3 1472 1473 1461
3 1473 1462 1450
3 1462 1474 1475
3 1463 1475 1476
3 1476 1477 1465
3 1465 1477 1478
3 1478 1479 1467
3 1467 1479 1480
3 1480 1481 1469
3 1469 1481 1482
3 1482 1483 1471
3 1471 1483 1484
3 1484 1485 1473
3 1485 1474 1462
3 1066 1067 1475
3 1067 1068 1476
3 1068 1069 1477
3 1477 1069 1070
3 1070 1071 1479
3 1071 1072 1480
3 1072 1073 1481
3 1073 1074 1482
3 1074 1075 1483
3 1075 1076 1484
3 1076 1077 1485
3 1485 1077 1066
3 1487 1488 1486
3 1497 1498 1486
3 1493 1490 1492
3 1526 1496 1499
3 1492 1486 1488
3 1498 1500 1487
3 1499 1496 1492
3 1487 1501 1489
3 1518 1528 1529
3 1502 1511 1503
3 1505 1508 1500
3 1520 1507 1494
3 1491 1506 1497
3 1496 1503 1493
3 1489 1507 1499
3 1493 1504 1491
3 1502 1521 1495
3 1509 1513 1515
3 1510 1512 1511
3 1501 1515 1507
3 1504 1514 1506
3 1503 1512 1504
3 1500 1509 1501
3 1506 1513 1505
3 1505 1502 1506
3 1510 1513 1514
3 1507 1510 1502
3 1521 1526 1527
3 1497 1518 1529
3 1528 1527 1523
3 1523 1516 1520
3 1525 1494 1519
3 1526 1532 1527
3 1527 1533 1523
3 1532 1531 1533
3 1536 1535 1537
3 1529 1537 1525
3 1523 1531 1522
3 1528 1536 1529
3 1522 1530 1526
3 1525 1535 1524
3 1524 1534 1528
3 1487 1489 1488
3 1498 1487 1486
3 1486 1490 1497
3 1490 1491 1497
3 1493 1491 1490
3 1499 1516 1522
3 1526 1517 1496
3 1499 1522 1526
3 1492 1490 1486
3 1498 1505 1500
3 1492 1488 1499
3 1488 1489 1499
3 1496 1493 1492
3 1487 1500 1501
3 1518 1495 1528
3 1502 1510 1511
3 1505 1513 1508
3 1505 1498 1519
3 1505 1519 1494
3 1499 1507 1516
3 1507 1505 1494
3 1516 1507 1520
3 1491 1504 1506
3 1496 1502 1503
3 1489 1501 1507
3 1493 1503 1504
3 1502 1496 1517
3 1502 1517 1521
3 1497 1506 1518
3 1506 1502 1495
3 1518 1506 1495
3 1509 1508 1513
3 1510 1514 1512
3 1501 1509 1515
3 1504 1512 1514
3 1503 1511 1512
3 1500 1508 1509
3 1506 1514 1513
3 1505 1507 1502
3 1510 1515 1513
3 1507 1515 1510
3 1521 1517 1526
3 1519 1498 1525
3 1498 1497 1529
3 1525 1498 1529
3 1520 1494 1524
3 1528 1495 1521
3 1520 1524 1523
3 1524 1528 1523
3 1528 1521 1527
3 1523 1522 1516
3 1525 1524 1494
3 1526 1530 1532
3 1527 1532 1533
3 1532 1530 1531
3 1536 1534 1535
3 1529 1536 1537
3 1523 1533 1531
3 1528 1534 1536
3 1522 1531 1530
3 1525 1537 1535
3 1524 1535 1534
3 1539 1540 1538
3 1541 1542 1540
3 1543 1544 1542
3 1545 1546 1544
3 1547 1548 1546
3 1549 1550 1548
3 1551 1552 1550
3 1553 1554 1552
3 1555 1556 1554
3 1557 1558 1556
3 1559 1560 1558
3 1561 1562 1560
3 1563 1564 1562
3 1565 1566 1564
3 1567 1568 1566
3 1569 1570 1568
3 1571 1572 1570
3 1573 1574 1572
3 1575 1576 1574
3 1577 1578 1576
3 1579 1580 1578
3 1581 1582 1580
3 1583 1584 1582
3 1585 1586 1584
3 1587 1588 1586
3 1589 1590 1588
3 1591 1592 1590
3 1593 1594 1592
3 1595 1596 1594
3 1597 1598 1596
3 1599 1600 1598
3 1601 1538 1600
3 1568 1584 1600
3 1603 1604 1602
3 1605 1606 1604
3 1607 1608 1606
3 1609 1610 1608
3 1611 1612 1610
3 1613 1614 1612
3 1615 1616 1614
3 1617 1618 1616
3 1619 1620 1618
3 1621 1622 1620
3 1623 1624 1622
3 1625 1626 1624
3 1627 1628 1626
3 1629 1630 1628
3 1631 1632 1630
3 1633 1634 1632
3 1635 1636 1634
3 1637 1638 1636
3 1639 1640 1638
3 1641 1642 1640
3 1643 1644 1642
3 1645 1646 1644
3 1647 1648 1646
3 1649 1650 1648
3 1651 1652 1650
3 1653 1654 1652
3 1655 1656 1654
3 1657 1658 1656
3 1659 1660 1658
3 1661 1662 1660
3 1663 1664 1662
3 1665 1602 1664
3 1660 1662 1640
3 1633 1820 1821
3 1631 1815 1820
3 1627 1815 1629
3 1625 1810 1627
3 1623 1805 1625
3 1621 1800 1623
3 1619 1795 1621
3 1617 1790 1619
3 1615 1785 1617
3 1613 1780 1615
3 1611 1775 1613
3 1609 1770 1611
3 1607 1765 1609
3 1605 1760 1607
3 1603 1755 1605
3 1603 1745 1750
3 1665 1740 1745
3 1663 1735 1740
3 1661 1730 1735
3 1659 1725 1730
3 1657 1720 1725
3 1655 1715 1720
3 1653 1710 1715
3 1651 1705 1710
3 1649 1700 1705
3 1647 1695 1700
3 1645 1690 1695
3 1643 1685 1690
3 1639 1685 1641
3 1637 1680 1639
3 1635 1675 1637
3 1635 1821 1670
3 1675 1669 1674
3 1674 1668 1673
3 1673 1667 1672
3 1672 1666 1671
3 1671 1539 1601
3 1680 1674 1679
3 1679 1673 1678
3 1678 1672 1677
3 1677 1671 1676
3 1676 1601 1599
3 1685 1679 1684
3 1684 1678 1683
3 1683 1677 1682
3 1682 1676 1681
3 1681 1599 1597
3 1690 1684 1689
3 1689 1683 1688
3 1688 1682 1687
3 1687 1681 1686
3 1686 1597 1595
3 1695 1689 1694
3 1694 1688 1693
3 1693 1687 1692
3 1692 1686 1691
3 1691 1595 1593
3 1700 1694 1699
3 1699 1693 1698
3 1698 1692 1697
3 1697 1691 1696
3 1696 1593 1591
3 1705 1699 1704
3 1704 1698 1703
3 1703 1697 1702
3 1702 1696 1701
3 1701 1591 1589
3 1710 1704 1709
3 1709 1703 1708
3 1708 1702 1707
3 1707 1701 1706
3 1706 1589 1587
3 1715 1709 1714
3 1714 1708 1713
3 1713 1707 1712
3 1712 1706 1711
3 1711 1587 1585
3 1720 1714 1719
3 1719 1713 1718
3 1718 1712 1717
3 1717 1711 1716
3 1716 1585 1583
3 1725 1719 1724
3 1724 1718 1723
3 1723 1717 1722
3 1722 1716 1721
3 1721 1583 1581
3 1730 1724 1729
3 1729 1723 1728
3 1728 1722 1727
3 1727 1721 1726
3 1726 1581 1579
3 1735 1729 1734
3 1734 1728 1733
3 1733 1727 1732
3 1732 1726 1731
3 1731 1579 1577
3 1740 1734 1739
3 1739 1733 1738
3 1738 1732 1737
3 1737 1731 1736
3 1736 1577 1575
3 1745 1739 1744
3 1744 1738 1743
3 1743 1737 1742
3 1742 1736 1741
3 1741 1575 1573
3 1750 1744 1749
3 1749 1743 1748
3 1748 1742 1747
3 1747 1741 1746
3 1746 1573 1571
3 1750 1754 1755
3 1749 1753 1754
3 1748 1752 1753
3 1747 1751 1752
3 1746 1569 1751
3 1755 1759 1760
3 1754 1758 1759
3 1753 1757 1758
3 1752 1756 1757
3 1751 1567 1756
3 1760 1764 1765
3 1759 1763 1764
3 1758 1762 1763
3 1757 1761 1762
3 1756 1565 1761
3 1765 1769 1770
3 1764 1768 1769
3 1763 1767 1768
3 1762 1766 1767
3 1761 1563 1766
3 1770 1774 1775
3 1769 1773 1774
3 1768 1772 1773
3 1767 1771 1772
3 1766 1561 1771
3 1775 1779 1780
3 1774 1778 1779
3 1773 1777 1778
3 1772 1776 1777
3 1771 1559 1776
3 1780 1784 1785
3 1779 1783 1784
3 1778 1782 1783
3 1777 1781 1782
3 1776 1557 1781
3 1785 1789 1790
3 1784 1788 1789
3 1783 1787 1788
3 1782 1786 1787
3 1781 1555 1786
3 1790 1794 1795
3 1789 1793 1794
3 1788 1792 1793
3 1787 1791 1792
3 1786 1553 1791
3 1795 1799 1800
3 1794 1798 1799
3 1793 1797 1798
3 1792 1796 1797
3 1791 1551 1796
3 1800 1804 1805
3 1799 1803 1804
3 1798 1802 1803
3 1797 1801 1802
3 1796 1549 1801
3 1805 1809 1810
3 1804 1808 1809
3 1803 1807 1808
3 1802 1806 1807
3 1801 1547 1806
3 1810 1814 1815
3 1809 1813 1814
3 1808 1812 1813
3 1807 1811 1812
3 1806 1545 1811
3 1815 1819 1820
3 1814 1818 1819
3 1813 1817 1818
3 1812 1816 1817
3 1811 1543 1816
3 1820 1822 1821
3 1819 1823 1822
3 1818 1824 1823
3 1817 1825 1824
3 1816 1541 1825
3 1821 1669 1670
3 1822 1668 1669
3 1823 1667 1668
3 1824 1666 1667
3 1825 1539 1666
3 1539 1541 1540
3 1541 1543 1542
3 1543 1545 1544
3 1545 1547 1546
3 1547 1549 1548
3 1549 1551 1550
3 1551 1553 1552
3 1553 1555 1554
3 1555 1557 1556
3 1557 1559 1558
3 1559 1561 1560
3 1561 1563 1562
3 1563 1565 1564
3 1565 1567 1566
3 1567 1569 1568
3 1569 1571 1570
3 1571 1573 1572
3 1573 1575 1574
3 1575 1577 1576
3 1577 1579 1578
3 1579 1581 1580
3 1581 1583 1582
3 1583 1585 1584
3 1585 1587 1586
3 1587 1589 1588
3 1589 1591 1590
3 1591 1593 1592
3 1593 1595 1594
3 1595 1597 1596
3 1597 1599 1598
3 1599 1601 1600
3 1601 1539 1538
3 1600 1538 1540
3 1540 1542 1544
3 1544 1546 1548
3 1548 1550 1552
3 1552 1554 1556
3 1556 1558 1560
3 1560 1562 1564
3 1564 1566 1568
3 1568 1570 1572
3 1572 1574 1576
3 1576 1578 1580
3 1580 1582 1584
3 1584 1586 1588
3 1588 1590 1592
3 1592 1594 1596
3 1596 1598 1600
3 1600 1540 1552
3 1540 1544 1552
3 1544 1548 1552
3 1552 1556 1568
3 1556 1560 1568
3 1560 1564 1568
3 1568 1572 1584
3 1572 1576 1584
3 1576 1580 1584
3 1584 1588 1600
3 1588 1592 1600
3 1592 1596 1600
3 1600 1552 1568
3 1603 1605 1604
3 1605 1607 1606
3 1607 1609 1608
3 1609 1611 1610
3 1611 1613 1612
3 1613 1615 1614
3 1615 1617 1616
3 1617 1619 1618
3 1619 1621 1620
3 1621 1623 1622
3 1623 1625 1624
3 1625 1627 1626
3 1627 1629 1628
3 1629 1631 1630
3 1631 1633 1632
3 1633 1635 1634
3 1635 1637 1636
3 1637 1639 1638
3 1639 1641 1640
3 1641 1643 1642
3 1643 1645 1644
3 1645 1647 1646
3 1647 1649 1648
3 1649 1651 1650
3 1651 1653 1652
3 1653 1655 1654
3 1655 1657 1656
3 1657 1659 1658
3 1659 1661 1660
3 1661 1663 1662
3 1663 1665 1664
3 1665 1603 1602
3 1664 1602 1634
3 1602 1604 1632
3 1604 1606 1632
3 1606 1608 1630
3 1632 1606 1630
3 1608 1610 1626
3 1610 1612 1624
3 1612 1614 1624
3 1614 1616 1622
3 1624 1614 1622
3 1616 1618 1620
3 1620 1622 1616
3 1624 1626 1610
3 1626 1628 1608
3 1628 1630 1608
3 1632 1634 1602
3 1634 1636 1664
3 1636 1638 1664
3 1638 1640 1662
3 1664 1638 1662
3 1640 1642 1658
3 1642 1644 1656
3 1644 1646 1656
3 1646 1648 1654
3 1656 1646 1654
3 1648 1650 1652
3 1652 1654 1648
3 1656 1658 1642
3 1658 1660 1640
3 1633 1631 1820
3 1631 1629 1815
3 1627 1810 1815
3 1625 1805 1810
3 1623 1800 1805
3 1621 1795 1800
3 1619 1790 1795
3 1617 1785 1790
3 1615 1780 1785
3 1613 1775 1780
3 1611 1770 1775
3 1609 1765 1770
3 1607 1760 1765
3 1605 1755 1760
3 1603 1750 1755
3 1603 1665 1745
3 1665 1663 1740
3 1663 1661 1735
3 1661 1659 1730
3 1659 1657 1725
3 1657 1655 1720
3 1655 1653 1715
3 1653 1651 1710
3 1651 1649 1705
3 1649 1647 1700
3 1647 1645 1695
3 1645 1643 1690
3 1643 1641 1685
3 1639 1680 1685
3 1637 1675 1680
3 1635 1670 1675
3 1635 1633 1821
3 1675 1670 1669
3 1674 1669 1668
3 1673 1668 1667
3 1672 1667 1666
3 1671 1666 1539
3 1680 1675 1674
3 1679 1674 1673
3 1678 1673 1672
3 1677 1672 1671
3 1676 1671 1601
3 1685 1680 1679
3 1684 1679 1678
3 1683 1678 1677
3 1682 1677 1676
3 1681 1676 1599
3 1690 1685 1684
3 1689 1684 1683
3 1688 1683 1682
3 1687 1682 1681
3 1686 1681 1597
3 1695 1690 1689
3 1694 1689 1688
3 1693 1688 1687
3 1692 1687 1686
3 1691 1686 1595
3 1700 1695 1694
3 1699 1694 1693
3 1698 1693 1692
3 1697 1692 1691
3 1696 1691 1593
3 1705 1700 1699
3 1704 1699 1698
3 1703 1698 1697
3 1702 1697 1696
3 1701 1696 1591
3 1710 1705 1704
3 1709 1704 1703
3 1708 1703 1702
3 1707 1702 1701
3 1706 1701 1589
3 1715 1710 1709
3 1714 1709 1708
3 1713 1708 1707
3 1712 1707 1706
3 1711 1706 1587
3 1720 1715 1714
3 1719 1714 1713
3 1718 1713 1712
3 1717 1712 1711
3 1716 1711 1585
3 1725 1720 1719
3 1724 1719 1718
3 1723 1718 1717
3 1722 1717 1716
3 1721 1716 1583
3 1730 1725 1724
3 1729 1724 1723
3 1728 1723 1722
3 1727 1722 1721
3 1726 1721 1581
3 1735 1730 1729
3 1734 1729 1728
3 1733 1728 1727
3 1732 1727 1726
3 1731 1726 1579
3 1740 1735 1734
3 1739 1734 1733
3 1738 1733 1732
3 1737 1732 1731
3 1736 1731 1577
3 1745 1740 1739
3 1744 1739 1738
3 1743 1738 1737
3 1742 1737 1736
3 1741 1736 1575
3 1750 1745 1744
3 1749 1744 1743
3 1748 1743 1742
3 1747 1742 1741
3 1746 1741 1573
3 1750 1749 1754
3 1749 1748 1753
3 1748 1747 1752
3 1747 1746 1751
3 1746 1571 1569
3 1755 1754 1759
3 1754 1753 1758
3 1753 1752 1757
3 1752 1751 1756
3 1751 1569 1567
3 1760 1759 1764
3 1759 1758 1763
3 1758 1757 1762
3 1757 1756 1761
3 1756 1567 1565
3 1765 1764 1769
3 1764 1763 1768
3 1763 1762 1767
3 1762 1761 1766
3 1761 1565 1563
3 1770 1769 1774
3 1769 1768 1773
3 1768 1767 1772
3 1767 1766 1771
3 1766 1563 1561
3 1775 1774 1779
3 1774 1773 1778
3 1773 1772 1777
3 1772 1771 1776
3 1771 1561 1559
3 1780 1779 1784
3 1779 1778 1783
3 1778 1777 1782
3 1777 1776 1781
3 1776 1559 1557
3 1785 1784 1789
3 1784 1783 1788
3 1783 1782 1787
3 1782 1781 1786
3 1781 1557 1555
3 1790 1789 1794
3 1789 1788 1793
3 1788 1787 1792
3 1787 1786 1791
3 1786 1555 1553
3 1795 1794 1799
3 1794 1793 1798
3 1793 1792 1797
3 1792 1791 1796
3 1791 1553 1551
3 1800 1799 1804
3 1799 1798 1803
3 1798 1797 1802
3 1797 1796 1801
3 1796 1551 1549
3 1805 1804 1809
3 1804 1803 1808
3 1803 1802 1807
3 1802 1801 1806
3 1801 1549 1547
3 1810 1809 1814
3 1809 1808 1813
3 1808 1807 1812
3 1807 1806 1811
3 1806 1547 1545
3 1815 1814 1819
3 1814 1813 1818
3 1813 1812 1817
3 1812 1811 1816
3 1811 1545 1543
3 1820 1819 1822
3 1819 1818 1823
3 1818 1817 1824
3 1817 1816 1825
3 1816 1543 1541
3 1821 1822 1669
3 1822 1823 1668
3 1823 1824 1667
3 1824 1825 1666
3 1825 1541 1539
3 1827 1828 1826
3 1829 1832 1828
3 1833 1830 1832
3 1830 1827 1826
3 1832 1826 1828
3 1829 1831 1833
3 1827 1829 1828
3 1829 1833 1832
3 1833 1831 1830
3 1830 1831 1827
3 1832 1830 1826
3 1829 1827 1831
3 1835 1836 1834
3 1837 1840 1836
3 1841 1838 1840
3 1838 1835 1834
3 1840 1834 1836
3 1837 1839 1841
3 1835 1837 1836
3 1837 1841 1840
3 1841 1839 1838
3 1838 1839 1835
3 1840 1838 1834
3 1837 1835 1839
3 1843 1844 1842
3 1845 1846 1844
3 1847 1848 1846
3 1849 1850 1848
3 1851 1852 1850
3 1853 1854 1852
3 1855 1856 1854
3 1857 1858 1856
3 1859 1860 1858
3 1861 1862 1860
3 1863 1864 1862
3 1865 1866 1864
3 1866 1869 1868
3 1869 1870 1868
3 1870 1873 1872
3 1873 1874 1872
3 1875 1876 1874
3 1877 1878 1876
3 1879 1880 1878
3 1881 1882 1880
3 1883 1884 1882
3 1885 1886 1884
3 1887 1888 1886
3 1889 1890 1888
3 1891 1892 1890
3 1893 1894 1892
3 1895 1896 1894
3 1897 1898 1896
3 1899 1900 1898
3 1901 1902 1900
3 1895 1879 1863
3 1903 1904 1902
3 1905 1842 1904
3 1856 1872 1888
3 1843 1845 1844
3 1845 1847 1846
3 1847 1849 1848
3 1849 1851 1850
3 1851 1853 1852
3 1853 1855 1854
3 1855 1857 1856
3 1857 1859 1858
3 1859 1861 1860
3 1861 1863 1862
3 1863 1865 1864
3 1865 1867 1866
3 1866 1867 1869
3 1869 1871 1870
3 1870 1871 1873
3 1873 1875 1874
3 1875 1877 1876
3 1877 1879 1878
3 1879 1881 1880
3 1881 1883 1882
3 1883 1885 1884
3 1885 1887 1886
3 1887 1889 1888
3 1889 1891 1890
3 1891 1893 1892
3 1893 1895 1894
3 1895 1897 1896
3 1897 1899 1898
3 1899 1901 1900
3 1901 1903 1902
3 1847 1845 1843
3 1843 1905 1903
3 1903 1901 1899
3 1899 1897 1895
3 1895 1893 1891
3 1891 1889 1887
3 1887 1885 1879
3 1885 1883 1879
3 1883 1881 1879
3 1879 1877 1875
3 1875 1873 1871
3 1871 1869 1867
3 1867 1865 1863
3 1863 1861 1859
3 1859 1857 1855
3 1855 1853 1851
3 1851 1849 1847
3 1847 1843 1903
3 1903 1899 1895
3 1895 1891 1887
3 1879 1875 1863
3 1875 1871 1863
3 1871 1867 1863
3 1863 1859 1855
3 1855 1851 1847
3 1847 1903 1895
3 1895 1887 1879
3 1863 1855 1847
3 1847 1895 1863
3 1903 1905 1904
3 1905 1843 1842
3 1904 1842 1844
3 1844 1846 1904
3 1846 1848 1904
3 1848 1850 1852
3 1852 1854 1848
3 1854 1856 1848
3 1856 1858 1860
3 1860 1862 1856
3 1862 1864 1856
3 1864 1866 1872
3 1866 1868 1872
3 1868 1870 1872
3 1872 1874 1876
3 1876 1878 1880
3 1880 1882 1884
3 1884 1886 1880
3 1886 1888 1880
3 1888 1890 1892
3 1892 1894 1888
3 1894 1896 1888
3 1896 1898 1900
3 1900 1902 1904
3 1872 1876 1888
3 1876 1880 1888
3 1896 1900 1888
3 1900 1904 1888
3 1904 1848 1856
3 1856 1864 1872
3 1904 1856 1888
3 1907 1908 1906
3 1909 1910 1908
3 1911 1912 1910
3 1913 1914 1912
3 1915 1916 1914
3 1917 1918 1916
3 1919 1920 1918
3 1921 1922 1920
3 1923 1924 1922
3 1925 1926 1924
3 1927 1928 1926
3 1929 1930 1928
3 1931 1932 1930
3 1933 1934 1932
3 1935 1936 1934
3 1937 1938 1936
3 1939 1940 1938
3 1941 1942 1940
3 1943 1944 1942
3 1945 1946 1944
3 1947 1948 1946
3 1949 1950 1948
3 1951 1952 1950
3 1953 1954 1952
3 1955 1956 1954
3 1957 1958 1956
3 1959 1960 1958
3 1961 1962 1960
3 1963 1964 1962
3 1965 1966 1964
3 1967 1968 1966
3 1969 1906 1968
3 1936 1952 1968
3 1971 1972 1970
3 1973 1974 1972
3 1975 1976 1974
3 1977 1978 1976
3 1979 1980 1978
3 1981 1982 1980
3 1983 1984 1982
3 1985 1986 1984
3 1987 1988 1986
3 1989 1990 1988
3 1991 1992 1990
3 1993 1994 1992
3 1995 1996 1994
3 1997 1998 1996
3 1999 2000 1998
3 2001 2002 2000
3 2003 2004 2002
3 2005 2006 2004
3 2007 2008 2006
3 2009 2010 2008
3 2011 2012 2010
3 2013 2014 2012
3 2015 2016 2014
3 2017 2018 2016
3 2019 2020 2018
3 2021 2022 2020
3 2023 2024 2022
3 2025 2026 2024
3 2027 2028 2026
3 2029 2030 2028
3 2031 2032 2030
3 2033 1970 2032
3 2028 2030 2008
3 2001 2188 2189
3 1999 2183 2188
3 1995 2183 1997
3 1993 2178 1995
3 1991 2173 1993
3 1989 2168 1991
3 1987 2163 1989
3 1985 2158 1987
3 1983 2153 1985
3 1981 2148 1983
3 1979 2143 1981
3 1977 2138 1979
3 1975 2133 1977
3 1973 2128 1975
3 1971 2123 1973
3 1971 2113 2118
3 2033 2108 2113
3 2031 2103 2108
3 2029 2098 2103
3 2027 2093 2098
3 2025 2088 2093
3 2023 2083 2088
3 2021 2078 2083
3 2019 2073 2078
3 2017 2068 2073
3 2015 2063 2068
3 2013 2058 2063
3 2011 2053 2058
3 2007 2053 2009
3 2005 2048 2007
3 2003 2043 2005
3 2003 2189 2038
3 2043 2037 2042
3 2042 2036 2041
3 2041 2035 2040
3 2040 2034 2039
3 2039 1907 1969
3 2048 2042 2047
3 2047 2041 2046
3 2046 2040 2045
3 2045 2039 2044
3 2044 1969 1967
3 2053 2047 2052
3 2052 2046 2051
3 2051 2045 2050
3 2050 2044 2049
3 2049 1967 1965
3 2058 2052 2057
3 2057 2051 2056
3 2056 2050 2055
3 2055 2049 2054
3 2054 1965 1963
3 2063 2057 2062
3 2062 2056 2061
3 2061 2055 2060
3 2060 2054 2059
3 2059 1963 1961
3 2068 2062 2067
3 2067 2061 2066
3 2066 2060 2065
3 2065 2059 2064
3 2064 1961 1959
3 2073 2067 2072
3 2072 2066 2071
3 2071 2065 2070
3 2070 2064 2069
3 2069 1959 1957
3 2078 2072 2077
3 2077 2071 2076
3 2076 2070 2075
3 2075 2069 2074
3 2074 1957 1955
3 2083 2077 2082
3 2082 2076 2081
3 2081 2075 2080
3 2080 2074 2079
3 2079 1955 1953
3 2088 2082 2087
3 2087 2081 2086
3 2086 2080 2085
3 2085 2079 2084
3 2084 1953 1951
3 2093 2087 2092
3 2092 2086 2091
3 2091 2085 2090
3 2090 2084 2089
3 2089 1951 1949
3 2098 2092 2097
3 2097 2091 2096
3 2096 2090 2095
3 2095 2089 2094
3 2094 1949 1947
3 2103 2097 2102
3 2102 2096 2101
3 2101 2095 2100
3 2100 2094 2099
3 2099 1947 1945
3 2108 2102 2107
3 2107 2101 2106
3 2106 2100 2105
3 2105 2099 2104
3 2104 1945 1943
3 2113 2107 2112
3 2112 2106 2111
3 2111 2105 2110
3 2110 2104 2109
3 2109 1943 1941
3 2118 2112 2117
3 2117 2111 2116
3 2116 2110 2115
3 2115 2109 2114
3 2114 1941 1939
3 2118 2122 2123
3 2117 2121 2122
3 2116 2120 2121
3 2115 2119 2120
3 2114 1937 2119
3 2123 2127 2128
3 2122 2126 2127
3 2121 2125 2126
3 2120 2124 2125
3 2119 1935 2124
3 2128 2132 2133
3 2127 2131 2132
3 2126 2130 2131
3 2125 2129 2130
3 2124 1933 2129
3 2133 2137 2138
3 2132 2136 2137
3 2131 2135 2136
3 2130 2134 2135
3 2129 1931 2134
3 2138 2142 2143
3 2137 2141 2142
3 2136 2140 2141
3 2135 2139 2140
3 2134 1929 2139
3 2143 2147 2148
3 2142 2146 2147
3 2141 2145 2146
3 2140 2144 2145
3 2139 1927 2144
3 2148 2152 2153
3 2147 2151 2152
3 2146 2150 2151
3 2145 2149 2150
3 2144 1925 2149
3 2153 2157 2158
3 2152 2156 2157
3 2151 2155 2156
3 2150 2154 2155
3 2149 1923 2154
3 2158 2162 2163
3 2157 2161 2162
3 2156 2160 2161
3 2155 2159 2160
3 2154 1921 2159
3 2163 2167 2168
3 2162 2166 2167
3 2161 2165 2166
3 2160 2164 2165
3 2159 1919 2164
3 2168 2172 2173
3 2167 2171 2172
3 2166 2170 2171
3 2165 2169 2170
3 2164 1917 2169
3 2173 2177 2178
3 2172 2176 2177
3 2171 2175 2176
3 2170 2174 2175
3 2169 1915 2174
3 2178 2182 2183
3 2177 2181 2182
3 2176 2180 2181
3 2175 2179 2180
3 2174 1913 2179
3 2183 2187 2188
3 2182 2186 2187
3 2181 2185 2186
3 2180 2184 2185
3 2179 1911 2184
3 2188 2190 2189
3 2187 2191 2190
3 2186 2192 2191
3 2185 2193 2192
3 2184 1909 2193
3 2189 2037 2038
3 2190 2036 2037
3 2191 2035 2036
3 2192 2034 2035
3 2193 1907 2034
3 1907 1909 1908
3 1909 1911 1910
3 1911 1913 1912
3 1913 1915 1914
3 1915 1917 1916
3 1917 1919 1918
3 1919 1921 1920
3 1921 1923 1922
3 1923 1925 1924
3 1925 1927 1926
3 1927 1929 1928
3 1929 1931 1930
3 1931 1933 1932
3 1933 1935 1934
3 1935 1937 1936
3 1937 1939 1938
3 1939 1941 1940
3 1941 1943 1942
3 1943 1945 1944
3 1945 1947 1946
3 1947 1949 1948
3 1949 1951 1950
3 1951 1953 1952
3 1953 1955 1954
3 1955 1957 1956
3 1957 1959 1958
3 1959 1961 1960
3 1961 1963 1962
3 1963 1965 1964
3 1965 1967 1966
3 1967 1969 1968
3 1969 1907 1906
3 1968 1906 1908
3 1908 1910 1912
3 1912 1914 1916
3 1916 1918 1920
3 1920 1922 1924
3 1924 1926 1928
3 1928 1930 1932
3 1932 1934 1936
3 1936 1938 1940
3 1940 1942 1944
3 1944 1946 1948
3 1948 1950 1952
3 1952 1954 1956
3 1956 1958 1960
3 1960 1962 1964
3 1964 1966 1968
3 1968 1908 1920
3 1908 1912 1920
3 1912 1916 1920
3 1920 1924 1936
3 1924 1928 1936
3 1928 1932 1936
3 1936 1940 1952
3 1940 1944 1952
3 1944 1948 1952
3 1952 1956 1968
3 1956 1960 1968
3 1960 1964 1968
3 1968 1920 1936
3 1971 1973 1972
3 1973 1975 1974
3 1975 1977 1976
3 1977 1979 1978
3 1979 1981 1980
3 1981 1983 1982
3 1983 1985 1984
3 1985 1987 1986
3 1987 1989 1988
3 1989 1991 1990
3 1991 1993 1992
3 1993 1995 1994
3 1995 1997 1996
3 1997 1999 1998
3 1999 2001 2000
3 2001 2003 2002
3 2003 2005 2004
3 2005 2007 2006
3 2007 2009 2008
3 2009 2011 2010
3 2011 2013 2012
3 2013 2015 2014
3 2015 2017 2016
3 2017 2019 2018
3 2019 2021 2020
3 2021 2023 2022
3 2023 2025 2024
3 2025 2027 2026
3 2027 2029 2028
3 2029 2031 2030
3 2031 2033 2032
3 2033 1971 1970
3 2032 1970 2002
3 1970 1972 2000
3 1972 1974 2000
3 1974 1976 1998
3 2000 1974 1998
3 1976 1978 1994
3 1978 1980 1992
3 1980 1982 1992
3 1982 1984 1990
3 1992 1982 1990
3 1984 1986 1988
3 1988 1990 1984
3 1992 1994 1978
3 1994 1996 1976
3 1996 1998 1976
3 2000 2002 1970
3 2002 2004 2032
3 2004 2006 2032
3 2006 2008 2030
3 2032 2006 2030
3 2008 2010 2026
3 2010 2012 2024
3 2012 2014 2024
3 2014 2016 2022
3 2024 2014 2022
3 2016 2018 2020
3 2020 2022 2016
3 2024 2026 2010
3 2026 2028 2008
3 2001 1999 2188
3 1999 1997 2183
3 1995 2178 2183
3 1993 2173 2178
3 1991 2168 2173
3 1989 2163 2168
3 1987 2158 2163
3 1985 2153 2158
3 1983 2148 2153
3 1981 2143 2148
3 1979 2138 2143
3 1977 2133 2138
3 1975 2128 2133
3 1973 2123 2128
3 1971 2118 2123
3 1971 2033 2113
3 2033 2031 2108
3 2031 2029 2103
3 2029 2027 2098
3 2027 2025 2093
3 2025 2023 2088
3 2023 2021 2083
3 2021 2019 2078
3 2019 2017 2073
3 2017 2015 2068
3 2015 2013 2063
3 2013 2011 2058
3 2011 2009 2053
3 2007 2048 2053
3 2005 2043 2048
3 2003 2038 2043
3 2003 2001 2189
3 2043 2038 2037
3 2042 2037 2036
3 2041 2036 2035
3 2040 2035 2034
3 2039 2034 1907
3 2048 2043 2042
3 2047 2042 2041
3 2046 2041 2040
3 2045 2040 2039
3 2044 2039 1969
3 2053 2048 2047
3 2052 2047 2046
3 2051 2046 2045
3 2050 2045 2044
3 2049 2044 1967
3 2058 2053 2052
3 2057 2052 2051
3 2056 2051 2050
3 2055 2050 2049
3 2054 2049 1965
3 2063 2058 2057
3 2062 2057 2056
3 2061 2056 2055
3 2060 2055 2054
3 2059 2054 1963
3 2068 2063 2062
3 2067 2062 2061
3 2066 2061 2060
3 2065 2060 2059
3 2064 2059 1961
3 2073 2068 2067
3 2072 2067 2066
3 2071 2066 2065
3 2070 2065 2064
3 2069 2064 1959
3 2078 2073 2072
3 2077 2072 2071
3 2076 2071 2070
3 2075 2070 2069
3 2074 2069 1957
3 2083 2078 2077
3 2082 2077 2076
3 2081 2076 2075
3 2080 2075 2074
3 2079 2074 1955
3 2088 2083 2082
3 2087 2082 2081
3 2086 2081 2080
3 2085 2080 2079
3 2084 2079 1953
3 2093 2088 2087
3 2092 2087 2086
3 2091 2086 2085
3 2090 2085 2084
3 2089 2084 1951
3 2098 2093 2092
3 2097 2092 2091
3 2096 2091 2090
3 2095 2090 2089
3 2094 2089 1949
3 2103 2098 2097
3 2102 2097 2096
3 2101 2096 2095
3 2100 2095 2094
3 2099 2094 1947
3 2108 2103 2102
3 2107 2102 2101
3 2106 2101 2100
3 2105 2100 2099
3 2104 2099 1945
3 2113 2108 2107
3 2112 2107 2106
3 2111 2106 2105
3 2110 2105 2104
3 2109 2104 1943
3 2118 2113 2112
3 2117 2112 2111
3 2116 2111 2110
3 2115 2110 2109
3 2114 2109 1941
3 2118 2117 2122
3 2117 2116 2121
3 2116 2115 2120
3 2115 2114 2119
3 2114 1939 1937
3 2123 2122 2127
3 2122 2121 2126
3 2121 2120 2125
3 2120 2119 2124
3 2119 1937 1935
3 2128 2127 2132
3 2127 2126 2131
3 2126 2125 2130
3 2125 2124 2129
3 2124 1935 1933
3 2133 2132 2137
3 2132 2131 2136
3 2131 2130 2135
3 2130 2129 2134
3 2129 1933 1931
3 2138 2137 2142
3 2137 2136 2141
3 2136 2135 2140
3 2135 2134 2139
3 2134 1931 1929
3 2143 2142 2147
3 2142 2141 2146
3 2141 2140 2145
3 2140 2139 2144
3 2139 1929 1927
3 2148 2147 2152
3 2147 2146 2151
3 2146 2145 2150
3 2145 2144 2149
3 2144 1927 1925
3 2153 2152 2157
3 2152 2151 2156
3 2151 2150 2155
3 2150 2149 2154
3 2149 1925 1923
3 2158 2157 2162
3 2157 2156 2161
3 2156 2155 2160
3 2155 2154 2159
3 2154 1923 1921
3 2163 2162 2167
3 2162 2161 2166
3 2161 2160 2165
3 2160 2159 2164
3 2159 1921 1919
3 2168 2167 2172
3 2167 2166 2171
3 2166 2165 2170
3 2165 2164 2169
3 2164 1919 1917
3 2173 2172 2177
3 2172 2171 2176
3 2171 2170 2175
3 2170 2169 2174
3 2169 1917 1915
3 2178 2177 2182
3 2177 2176 2181
3 2176 2175 2180
3 2175 2174 2179
3 2174 1915 1913
3 2183 2182 2187
3 2182 2181 2186
3 2181 2180 2185
3 2180 2179 2184
3 2179 1913 1911
3 2188 2187 2190
3 2187 2186 2191
3 2186 2185 2192
3 2185 2184 2193
3 2184 1911 1909
3 2189 2190 2037
3 2190 2191 2036
3 2191 2192 2035
3 2192 2193 2034
3 2193 1909 1907
3 2195 2196 2194
3 2197 2200 2196
3 2201 2198 2200
3 2199 2194 2198
3 2200 2194 2196
3 2197 2199 2201
3 2195 2197 2196
3 2197 2201 2200
3 2201 2199 2198
3 2199 2195 2194
3 2200 2198 2194
3 2197 2195 2199
3 2208 2205 2204
3 2206 2216 2215
3 2205 2245 2247
3 2204 2212 2210
3 2202 2207 2206
3 2232 2236 2210
3 2213 2209 2208
3 2231 2211 2227
3 2210 2217 2214
3 2208 2244 2249
3 2214 2203 2202
3 2239 2242 2207
3 2238 2240 2202
3 2215 2211 2213
3 2240 2221 2219
3 2233 2235 2217
3 2213 2230 2226
3 2230 2224 2231
3 2236 2220 2218
3 2246 2220 2247
3 2226 2229 2228
3 2223 2229 2225
3 2230 2227 2226
3 2235 2232 2234
3 2219 2235 2234
3 2233 2236 2232
3 2242 2238 2243
3 2239 2240 2238
3 2225 2243 2223
3 2244 2248 2249
3 2246 2245 2244
3 2249 2224 2222
3 2208 2209 2205
3 2206 2207 2216
3 2220 2212 2247
3 2212 2205 2247
3 2205 2209 2245
3 2209 2211 2248
3 2211 2224 2248
3 2209 2248 2245
3 2204 2205 2212
3 2202 2203 2207
3 2214 2219 2234
3 2214 2234 2232
3 2236 2218 2210
3 2214 2232 2210
3 2213 2211 2209
3 2216 2225 2229
3 2216 2229 2227
3 2224 2211 2231
3 2211 2216 2227
3 2210 2212 2217
3 2222 2213 2249
3 2213 2208 2249
3 2208 2204 2244
3 2204 2210 2246
3 2210 2218 2246
3 2204 2246 2244
3 2214 2217 2203
3 2207 2203 2239
3 2203 2217 2241
3 2217 2221 2241
3 2203 2241 2239
3 2225 2216 2207
3 2242 2225 2207
3 2202 2206 2238
3 2206 2215 2223
3 2243 2206 2223
3 2206 2243 2238
3 2219 2214 2240
3 2214 2202 2240
3 2215 2216 2211
3 2240 2241 2221
3 2212 2220 2237
3 2212 2237 2233
3 2235 2221 2217
3 2212 2233 2217
3 2223 2215 2228
3 2215 2213 2226
3 2228 2215 2226
3 2213 2222 2230
3 2230 2222 2224
3 2236 2237 2220
3 2246 2218 2220
3 2226 2227 2229
3 2223 2228 2229
3 2230 2231 2227
3 2235 2233 2232
3 2219 2221 2235
3 2233 2237 2236
3 2242 2239 2238
3 2239 2241 2240
3 2225 2242 2243
3 2244 2245 2248
3 2246 2247 2245
3 2249 2248 2224
